Datetime,temp_c_api,humidity_api,pressure_api,windspeed_kph_api,condition_text_api
2026-01-04 00:00:00,9.1,92,992.7,3.6,Clear sky
2026-01-04 01:00:00,8.9,92,992.5,3.4,Clear sky
2026-01-04 02:00:00,8.7,93,992.5,4.3,Partly cloudy
2026-01-04 03:00:00,8.8,93,992.4,3.5,Partly cloudy
2026-01-04 04:00:00,9.6,93,992.1,4.5,Partly cloudy
2026-01-04 05:00:00,8.2,99,992.1,6.4,Partly cloudy
2026-01-04 06:00:00,8.7,98,992.6,5.6,Partly cloudy
2026-01-04 07:00:00,9.4,95,993.5,5.8,Partly cloudy
2026-01-04 08:00:00,10.4,90,994.5,5.5,Partly cloudy
2026-01-04 09:00:00,11.6,85,995.4,5.5,Clear sky
2026-01-04 10:00:00,13.9,77,995.9,5.2,Clear sky
2026-01-04 11:00:00,15.4,65,995.7,9.5,Partly cloudy
2026-01-04 12:00:00,15.8,63,994.9,7.9,Partly cloudy
2026-01-04 13:00:00,16.1,60,994.2,7.5,Drizzle
2026-01-04 14:00:00,16.7,58,993.7,7.4,Partly cloudy
2026-01-04 15:00:00,16.7,56,993.0,5.9,Partly cloudy
2026-01-04 16:00:00,16.4,58,992.7,4.2,Clear sky
2026-01-04 17:00:00,14.3,77,992.8,2.6,Partly cloudy
2026-01-04 18:00:00,13.4,76,993.2,0.9,Partly cloudy
2026-01-04 19:00:00,12.7,80,994.1,3.2,Partly cloudy
2026-01-04 20:00:00,12.6,83,994.9,5.5,Partly cloudy
2026-01-04 21:00:00,12.1,86,995.5,5.8,Clear sky
2026-01-04 22:00:00,11.4,88,995.5,6.5,Partly cloudy
2026-01-04 23:00:00,11.0,89,995.3,8.7,Clear sky
2026-01-05 00:00:00,10.6,85,994.9,9.2,Clear sky
2026-01-05 01:00:00,10.4,84,994.8,8.0,Clear sky
2026-01-05 02:00:00,9.8,85,994.5,5.6,Clear sky
2026-01-05 03:00:00,9.0,88,994.2,5.6,Clear sky
2026-01-05 04:00:00,8.6,89,994.2,5.5,Clear sky
2026-01-05 05:00:00,8.4,90,994.5,5.7,Clear sky
2026-01-05 06:00:00,8.1,92,994.8,4.8,Clear sky
2026-01-05 07:00:00,7.5,94,995.1,4.2,Clear sky
2026-01-05 08:00:00,8.9,91,995.9,5.7,Clear sky
2026-01-05 09:00:00,11.4,83,996.8,2.8,Clear sky
2026-01-05 10:00:00,13.8,73,997.2,3.8,Clear sky
2026-01-05 11:00:00,15.2,65,997.2,7.4,Clear sky
2026-01-05 12:00:00,16.0,64,996.2,5.5,Clear sky
2026-01-05 13:00:00,16.8,62,995.1,4.7,Clear sky
2026-01-05 14:00:00,17.2,62,994.6,6.3,Clear sky
2026-01-05 15:00:00,17.1,63,994.2,6.6,Clear sky
2026-01-05 16:00:00,16.6,67,994.0,8.9,Partly cloudy
2026-01-05 17:00:00,14.9,76,993.9,7.0,Partly cloudy
2026-01-05 18:00:00,13.6,83,994.0,6.4,Partly cloudy
2026-01-05 19:00:00,12.8,86,994.4,4.5,Partly cloudy
2026-01-05 20:00:00,12.8,86,994.6,5.3,Partly cloudy
2026-01-05 21:00:00,12.0,89,994.7,6.4,Clear sky
2026-01-05 22:00:00,11.0,91,994.5,4.8,Partly cloudy
2026-01-05 23:00:00,10.7,92,994.2,5.3,Partly cloudy
2026-01-06 00:00:00,10.4,93,993.9,5.8,Clear sky
2026-01-06 01:00:00,9.9,94,993.9,5.5,Clear sky
2026-01-06 02:00:00,9.3,95,993.4,5.7,Clear sky
2026-01-06 03:00:00,8.9,96,993.3,5.4,Clear sky
2026-01-06 04:00:00,7.8,98,993.1,5.0,Clear sky
2026-01-06 05:00:00,8.2,98,993.5,5.1,Partly cloudy
2026-01-06 06:00:00,7.7,99,993.8,3.5,Partly cloudy
2026-01-06 07:00:00,8.4,98,994.7,3.8,Partly cloudy
2026-01-06 08:00:00,9.7,95,995.6,4.9,Partly cloudy
2026-01-06 09:00:00,11.6,90,996.6,3.6,Partly cloudy
2026-01-06 10:00:00,13.7,82,997.0,6.7,Partly cloudy
2026-01-06 11:00:00,14.4,73,996.9,7.9,Partly cloudy
2026-01-06 12:00:00,15.6,69,996.2,7.3,Clear sky
2026-01-06 13:00:00,16.4,66,995.2,8.0,Clear sky
2026-01-06 14:00:00,16.9,65,994.6,7.6,Clear sky
2026-01-06 15:00:00,17.0,66,994.3,7.7,Clear sky
2026-01-06 16:00:00,16.4,69,994.1,8.0,Clear sky
2026-01-06 17:00:00,14.2,76,994.3,5.6,Clear sky
2026-01-06 18:00:00,12.7,83,994.5,5.9,Clear sky
2026-01-06 19:00:00,11.9,86,994.9,6.2,Clear sky
2026-01-06 20:00:00,10.9,89,995.4,6.0,Clear sky
2026-01-06 21:00:00,10.2,92,995.8,6.5,Clear sky
2026-01-06 22:00:00,9.8,93,995.9,6.5,Clear sky
2026-01-06 23:00:00,9.1,98,995.7,5.2,Clear sky
2026-01-07 00:00:00,9.1,98,995.3,5.4,Clear sky
2026-01-07 01:00:00,7.8,99,995.1,5.3,Clear sky
2026-01-07 02:00:00,7.6,99,995.0,5.3,Clear sky
2026-01-07 03:00:00,7.1,100,994.8,5.1,Clear sky
2026-01-07 04:00:00,6.7,100,994.5,4.5,Partly cloudy
2026-01-07 05:00:00,7.8,100,995.3,5.2,Partly cloudy
2026-01-07 06:00:00,8.1,100,995.7,4.6,Partly cloudy
2026-01-07 07:00:00,8.6,100,996.5,5.1,Partly cloudy
2026-01-07 08:00:00,9.2,99,997.0,6.8,Partly cloudy
2026-01-07 09:00:00,9.8,98,997.7,9.5,Partly cloudy
2026-01-07 10:00:00,11.0,91,998.2,9.3,Partly cloudy
2026-01-07 11:00:00,11.8,82,998.0,7.5,Partly cloudy
2026-01-07 12:00:00,13.7,74,997.2,5.5,Partly cloudy
2026-01-07 13:00:00,14.8,72,996.4,5.3,Clear sky
2026-01-07 14:00:00,15.4,69,995.8,5.9,Clear sky
2026-01-07 15:00:00,15.6,69,995.3,5.6,Clear sky
2026-01-07 16:00:00,15.1,71,995.0,5.3,Clear sky
2026-01-07 17:00:00,12.7,83,995.2,4.8,Clear sky
2026-01-07 18:00:00,11.4,88,995.5,7.2,Clear sky
2026-01-07 19:00:00,10.4,90,995.6,7.4,Clear sky
2026-01-07 20:00:00,9.8,92,995.9,6.6,Clear sky
2026-01-07 21:00:00,9.4,93,996.2,7.4,Clear sky
2026-01-07 22:00:00,8.9,94,995.9,7.3,Clear sky
2026-01-07 23:00:00,8.2,99,996.2,7.3,Partly cloudy
2026-01-08 00:00:00,8.1,100,995.7,6.6,Partly cloudy
2026-01-08 01:00:00,8.6,99,995.6,6.7,Partly cloudy
2026-01-08 02:00:00,9.1,98,995.9,6.7,Partly cloudy
2026-01-08 03:00:00,9.1,98,995.6,6.2,Partly cloudy
2026-01-08 04:00:00,9.0,98,995.4,4.6,Partly cloudy
2026-01-08 05:00:00,6.7,99,996.2,4.0,Partly cloudy
2026-01-08 06:00:00,6.8,99,996.5,3.6,Partly cloudy
2026-01-08 07:00:00,7.0,99,997.3,3.5,Partly cloudy
2026-01-08 08:00:00,7.2,98,998.1,3.1,Partly cloudy
2026-01-08 09:00:00,7.8,97,998.7,2.9,Partly cloudy
2026-01-08 10:00:00,9.1,87,999.2,2.1,Partly cloudy
2026-01-08 11:00:00,9.6,84,999.0,3.0,Partly cloudy
2026-01-08 12:00:00,11.6,78,998.1,2.5,Partly cloudy
2026-01-08 13:00:00,12.9,75,996.9,3.7,Partly cloudy
2026-01-08 14:00:00,13.8,72,995.9,3.9,Clear sky
2026-01-08 15:00:00,14.1,72,994.9,3.3,Partly cloudy
2026-01-08 16:00:00,13.8,74,994.5,3.2,Clear sky
2026-01-08 17:00:00,12.3,84,994.1,3.7,Clear sky
2026-01-08 18:00:00,10.8,89,994.4,3.9,Clear sky
2026-01-08 19:00:00,9.7,93,994.8,4.2,Clear sky
2026-01-08 20:00:00,8.9,96,995.3,4.6,Clear sky
2026-01-08 21:00:00,8.7,97,995.6,6.0,Clear sky
2026-01-08 22:00:00,8.4,97,995.2,6.5,Clear sky
2026-01-08 23:00:00,7.6,100,995.2,4.8,Partly cloudy
2026-01-09 00:00:00,7.8,100,995.0,6.8,Partly cloudy
2026-01-09 01:00:00,7.5,100,995.3,6.9,Partly cloudy
2026-01-09 02:00:00,7.2,100,995.5,6.6,Partly cloudy
2026-01-09 03:00:00,7.0,100,995.2,8.4,Partly cloudy
2026-01-09 04:00:00,6.9,100,994.7,7.8,Partly cloudy
2026-01-09 05:00:00,6.7,99,994.7,4.8,Partly cloudy
2026-01-09 06:00:00,6.9,99,995.2,3.7,Partly cloudy
2026-01-09 07:00:00,7.1,99,996.0,2.4,Rain
2026-01-09 08:00:00,7.6,98,995.8,5.4,Drizzle
2026-01-09 09:00:00,8.7,94,996.9,3.8,Partly cloudy
2026-01-09 10:00:00,10.9,90,997.3,2.0,Partly cloudy
2026-01-09 11:00:00,12.8,80,997.2,0.8,Clear sky
2026-01-09 12:00:00,15.1,65,996.4,1.6,Clear sky
2026-01-09 13:00:00,16.2,58,995.4,1.4,Clear sky
2026-01-09 14:00:00,16.8,57,994.6,2.6,Clear sky
2026-01-09 15:00:00,16.9,58,994.1,3.1,Clear sky
2026-01-09 16:00:00,16.4,65,994.0,3.8,Clear sky
2026-01-09 17:00:00,14.2,78,993.4,4.6,Clear sky
2026-01-09 18:00:00,13.2,81,993.8,5.8,Clear sky
2026-01-09 19:00:00,12.2,84,994.2,7.6,Clear sky
2026-01-09 20:00:00,11.4,87,994.5,8.3,Clear sky
2026-01-09 21:00:00,10.6,90,994.3,7.6,Clear sky
2026-01-09 22:00:00,10.1,91,994.3,6.3,Clear sky
2026-01-09 23:00:00,9.6,94,994.1,5.5,Clear sky
2026-01-10 00:00:00,9.1,96,993.7,5.9,Clear sky
2026-01-10 01:00:00,8.6,97,993.5,6.6,Clear sky
2026-01-10 02:00:00,8.3,97,993.4,6.6,Clear sky
2026-01-10 03:00:00,7.2,98,993.1,5.4,Clear sky
2026-01-10 04:00:00,6.3,99,992.8,5.0,Clear sky
2026-01-10 05:00:00,6.4,99,992.7,4.8,Clear sky
2026-01-10 06:00:00,5.4,100,993.1,4.6,Clear sky
2026-01-10 07:00:00,5.1,100,993.4,4.8,Clear sky
2026-01-10 08:00:00,7.2,97,994.2,6.0,Partly cloudy
2026-01-10 09:00:00,9.1,92,995.4,4.8,Clear sky
2026-01-10 10:00:00,11.3,84,995.8,5.1,Clear sky
2026-01-10 11:00:00,13.3,75,995.4,5.9,Clear sky
2026-01-10 12:00:00,15.1,66,994.6,6.4,Clear sky
2026-01-10 13:00:00,16.4,59,993.3,7.2,Clear sky
2026-01-10 14:00:00,17.0,54,992.8,8.0,Clear sky
2026-01-10 15:00:00,16.9,55,992.5,8.5,Clear sky
2026-01-10 16:00:00,16.1,60,992.6,8.7,Clear sky
2026-01-10 17:00:00,14.5,68,992.5,7.9,Clear sky
2026-01-10 18:00:00,13.1,73,993.0,8.0,Clear sky
2026-01-10 19:00:00,11.9,76,993.7,8.8,Clear sky
2026-01-10 20:00:00,10.9,80,994.2,8.9,Clear sky
2026-01-10 21:00:00,10.1,83,994.7,8.6,Clear sky
2026-01-10 22:00:00,9.4,86,994.8,7.6,Clear sky
2026-01-10 23:00:00,8.8,89,994.9,7.0,Clear sky
2026-01-11 00:00:00,8.2,91,994.9,7.1,Clear sky
2026-01-11 01:00:00,7.7,92,995.0,7.1,Clear sky
2026-01-11 02:00:00,7.2,94,995.1,7.6,Clear sky
2026-01-11 03:00:00,6.8,95,995.1,7.5,Clear sky
2026-01-11 04:00:00,6.3,96,995.0,7.4,Clear sky
2026-01-11 05:00:00,5.8,98,995.2,7.1,Clear sky
2026-01-11 06:00:00,4.6,98,995.4,4.7,Clear sky
2026-01-11 07:00:00,4.1,100,995.9,4.2,Clear sky
2026-01-11 08:00:00,6.1,96,996.7,6.9,Clear sky
2026-01-11 09:00:00,8.1,89,997.8,6.1,Clear sky
2026-01-11 10:00:00,10.4,80,998.7,6.2,Clear sky
2026-01-11 11:00:00,12.2,70,998.5,7.3,Clear sky
2026-01-11 12:00:00,14.2,60,997.5,6.9,Clear sky
2026-01-11 13:00:00,15.6,52,996.6,7.9,Clear sky
2026-01-11 14:00:00,16.1,49,995.7,8.8,Clear sky
2026-01-11 15:00:00,16.1,49,995.0,9.3,Clear sky
2026-01-11 16:00:00,15.3,54,994.7,8.7,Clear sky
2026-01-11 17:00:00,13.6,64,994.3,7.8,Clear sky
2026-01-11 18:00:00,11.9,71,994.7,8.2,Clear sky
2026-01-11 19:00:00,10.6,76,994.8,9.6,Clear sky
2026-01-11 20:00:00,9.9,78,994.9,10.4,Clear sky
2026-01-11 21:00:00,9.1,81,995.0,9.4,Clear sky
2026-01-11 22:00:00,8.4,85,995.1,8.2,Clear sky
2026-01-11 23:00:00,7.8,88,995.3,9.5,Clear sky
2026-01-12 00:00:00,7.3,90,995.2,8.7,Clear sky
2026-01-12 01:00:00,6.7,91,994.9,7.6,Clear sky
2026-01-12 02:00:00,6.1,92,994.8,6.6,Clear sky
2026-01-12 03:00:00,5.4,93,994.5,5.6,Clear sky
2026-01-12 04:00:00,4.8,94,994.2,5.1,Clear sky
2026-01-12 05:00:00,4.2,95,994.3,4.7,Clear sky
2026-01-12 06:00:00,4.1,96,995.0,5.1,Clear sky
2026-01-12 07:00:00,3.7,97,995.3,6.0,Clear sky
2026-01-12 08:00:00,4.8,95,996.0,5.8,Clear sky
2026-01-12 09:00:00,7.5,86,997.0,3.2,Clear sky
2026-01-12 10:00:00,10.4,75,997.5,3.1,Clear sky
2026-01-12 11:00:00,12.6,65,997.7,2.2,Clear sky
2026-01-12 12:00:00,14.9,54,997.1,2.3,Clear sky
2026-01-12 13:00:00,16.1,46,996.2,3.7,Clear sky
2026-01-12 14:00:00,16.8,43,995.5,5.1,Clear sky
2026-01-12 15:00:00,16.7,43,995.1,4.5,Clear sky
2026-01-12 16:00:00,16.1,49,994.6,2.5,Clear sky
2026-01-12 17:00:00,13.7,64,994.6,4.3,Clear sky
2026-01-12 18:00:00,12.1,70,995.2,4.9,Clear sky
2026-01-12 19:00:00,10.6,77,995.5,5.2,Clear sky
2026-01-12 20:00:00,9.8,79,996.1,5.7,Clear sky
2026-01-12 21:00:00,9.3,80,996.2,6.1,Clear sky
2026-01-12 22:00:00,8.4,84,996.2,5.6,Clear sky
2026-01-12 23:00:00,8.0,85,996.2,3.6,Clear sky
2026-01-13 00:00:00,7.3,88,995.9,3.3,Clear sky
2026-01-13 01:00:00,7.0,89,995.7,1.0,Partly cloudy
2026-01-13 02:00:00,5.9,94,995.5,2.0,Partly cloudy
2026-01-13 03:00:00,5.2,97,995.1,3.8,Partly cloudy
2026-01-13 04:00:00,5.2,99,994.9,5.8,Partly cloudy
2026-01-13 05:00:00,4.1,100,994.8,4.6,Partly cloudy
2026-01-13 06:00:00,4.1,100,995.2,4.9,Partly cloudy
2026-01-13 07:00:00,3.7,100,995.3,4.9,Partly cloudy
2026-01-13 08:00:00,4.7,98,995.8,3.8,Partly cloudy
2026-01-13 09:00:00,7.3,97,996.5,3.5,Partly cloudy
2026-01-13 10:00:00,8.5,92,996.7,2.6,Partly cloudy
2026-01-13 11:00:00,12.1,81,996.5,2.2,Partly cloudy
2026-01-13 12:00:00,15.3,65,995.4,3.7,Partly cloudy
2026-01-13 13:00:00,17.0,58,994.3,5.9,Partly cloudy
2026-01-13 14:00:00,17.5,57,993.3,7.7,Partly cloudy
2026-01-13 15:00:00,17.2,57,992.7,8.4,Partly cloudy
2026-01-13 16:00:00,16.4,60,992.2,7.7,Partly cloudy
2026-01-13 17:00:00,14.8,65,992.0,6.4,Clear sky
2026-01-13 18:00:00,13.0,71,992.1,6.7,Clear sky
2026-01-13 19:00:00,11.6,76,992.3,6.4,Clear sky
2026-01-13 20:00:00,10.3,82,992.3,5.9,Clear sky
2026-01-13 21:00:00,8.9,87,992.1,5.3,Clear sky
2026-01-13 22:00:00,7.9,89,991.7,5.1,Clear sky
2026-01-13 23:00:00,7.3,91,991.8,5.5,Clear sky
2026-01-14 00:00:00,6.8,93,991.2,5.6,Clear sky
2026-01-14 01:00:00,6.6,95,990.8,6.7,Clear sky
2026-01-14 02:00:00,6.3,96,991.0,7.3,Clear sky
2026-01-14 03:00:00,5.1,99,990.6,5.9,Partly cloudy
2026-01-14 04:00:00,5.3,100,990.4,6.4,Partly cloudy
2026-01-14 05:00:00,5.2,100,990.7,7.8,Partly cloudy
2026-01-14 06:00:00,5.2,100,991.2,7.3,Partly cloudy
2026-01-14 07:00:00,5.0,100,991.6,7.2,Partly cloudy
2026-01-14 08:00:00,5.2,99,992.2,8.0,Partly cloudy
2026-01-14 09:00:00,6.2,95,992.8,8.1,Partly cloudy
2026-01-14 10:00:00,8.9,82,993.3,5.6,Clear sky
2026-01-14 11:00:00,11.6,72,992.8,5.4,Clear sky
2026-01-14 12:00:00,13.9,65,992.0,5.7,Clear sky
2026-01-14 13:00:00,15.4,58,990.9,6.6,Clear sky
2026-01-14 14:00:00,16.2,55,990.4,7.6,Clear sky
2026-01-14 15:00:00,16.2,57,990.3,8.5,Clear sky
2026-01-14 16:00:00,15.6,61,990.0,7.8,Clear sky
2026-01-14 17:00:00,14.1,68,989.9,5.4,Clear sky
2026-01-14 18:00:00,12.4,77,990.2,5.8,Clear sky
2026-01-14 19:00:00,11.4,80,990.7,6.9,Clear sky
2026-01-14 20:00:00,10.6,83,991.3,6.5,Clear sky
2026-01-14 21:00:00,9.9,86,991.7,6.9,Clear sky
2026-01-14 22:00:00,9.2,89,991.9,6.2,Clear sky
2026-01-14 23:00:00,8.8,90,992.1,7.8,Clear sky
2026-01-15 00:00:00,7.7,93,991.7,5.2,Clear sky
2026-01-15 01:00:00,6.9,96,991.2,5.1,Clear sky
2026-01-15 02:00:00,6.3,98,991.0,4.7,Clear sky
2026-01-15 03:00:00,5.8,100,990.6,4.9,Partly cloudy
2026-01-15 04:00:00,5.3,100,990.1,4.5,Partly cloudy
2026-01-15 05:00:00,4.9,99,990.3,5.8,Partly cloudy
2026-01-15 06:00:00,4.7,100,990.8,5.8,Partly cloudy
2026-01-15 07:00:00,4.9,100,991.6,6.5,Partly cloudy
2026-01-15 08:00:00,6.1,98,992.4,6.8,Partly cloudy
2026-01-15 09:00:00,7.7,98,993.4,7.0,Partly cloudy
2026-01-15 10:00:00,9.6,89,993.7,5.4,Partly cloudy
2026-01-15 11:00:00,11.5,77,993.7,5.0,Clear sky
2026-01-15 12:00:00,14.1,66,992.7,5.1,Clear sky
2026-01-15 13:00:00,15.9,57,991.5,7.0,Clear sky
2026-01-15 14:00:00,16.8,54,990.7,9.3,Clear sky
2026-01-15 15:00:00,16.9,56,990.3,10.2,Clear sky
2026-01-15 16:00:00,16.4,60,990.1,9.6,Clear sky
2026-01-15 17:00:00,15.1,67,990.0,8.6,Clear sky
2026-01-15 18:00:00,13.3,73,990.0,8.6,Clear sky
2026-01-15 19:00:00,12.1,76,990.3,8.2,Clear sky
2026-01-15 20:00:00,11.2,78,990.8,7.8,Clear sky
2026-01-15 21:00:00,10.4,80,991.0,7.6,Clear sky
2026-01-15 22:00:00,9.7,82,990.9,6.5,Clear sky
2026-01-15 23:00:00,8.8,87,991.3,6.1,Clear sky
2026-01-16 00:00:00,7.6,91,990.5,5.4,Partly cloudy
2026-01-16 01:00:00,6.9,92,990.2,3.8,Partly cloudy
2026-01-16 02:00:00,6.4,93,990.0,3.9,Partly cloudy
2026-01-16 03:00:00,5.8,95,989.7,4.7,Clear sky
2026-01-16 04:00:00,5.3,96,989.2,4.7,Partly cloudy
2026-01-16 05:00:00,4.8,97,989.7,4.2,Partly cloudy
2026-01-16 06:00:00,4.7,98,989.8,4.6,Partly cloudy
2026-01-16 07:00:00,4.7,98,990.3,5.2,Partly cloudy
2026-01-16 08:00:00,6.1,95,991.0,8.1,Clear sky
2026-01-16 09:00:00,9.4,82,992.0,5.6,Clear sky
2026-01-16 10:00:00,13.0,68,992.3,3.4,Clear sky
2026-01-16 11:00:00,15.6,58,992.6,3.1,Partly cloudy
2026-01-16 12:00:00,17.7,50,991.4,3.1,Partly cloudy
2026-01-16 13:00:00,19.0,45,990.5,3.3,Partly cloudy
2026-01-16 14:00:00,19.6,44,989.6,3.9,Partly cloudy
2026-01-16 15:00:00,19.6,47,989.3,4.4,Partly cloudy
2026-01-16 16:00:00,18.9,54,988.9,3.8,Partly cloudy
2026-01-16 17:00:00,16.2,71,989.1,3.3,Partly cloudy
2026-01-16 18:00:00,14.6,75,989.1,3.5,Partly cloudy
2026-01-16 19:00:00,13.7,77,989.5,3.7,Partly cloudy
2026-01-16 20:00:00,13.0,77,989.2,3.2,Partly cloudy
2026-01-16 21:00:00,12.6,77,989.5,3.2,Partly cloudy
2026-01-16 22:00:00,12.2,76,989.2,2.1,Partly cloudy
2026-01-16 23:00:00,11.3,79,989.4,2.4,Partly cloudy
2026-01-17 00:00:00,10.6,81,989.3,0.4,Partly cloudy
2026-01-17 01:00:00,9.8,84,989.1,1.4,Partly cloudy
2026-01-17 02:00:00,8.6,89,988.9,3.6,Partly cloudy
2026-01-17 03:00:00,7.8,92,988.6,4.9,Partly cloudy
2026-01-17 04:00:00,7.6,93,988.4,4.1,Partly cloudy
2026-01-17 05:00:00,6.8,95,988.5,4.0,Partly cloudy
2026-01-17 06:00:00,6.5,97,988.8,4.5,Partly cloudy
2026-01-17 07:00:00,6.1,99,989.3,2.7,Partly cloudy
2026-01-17 08:00:00,7.8,96,989.8,3.9,Partly cloudy
2026-01-17 09:00:00,10.6,87,990.6,2.0,Partly cloudy
2026-01-17 10:00:00,14.4,72,991.3,1.5,Partly cloudy
2026-01-17 11:00:00,17.1,58,991.0,1.4,Partly cloudy
2026-01-17 12:00:00,19.9,47,990.3,1.2,Partly cloudy
2026-01-17 13:00:00,21.1,42,989.1,1.8,Partly cloudy
2026-01-17 14:00:00,21.7,42,988.2,2.4,Partly cloudy
2026-01-17 15:00:00,21.6,44,987.6,2.7,Partly cloudy
2026-01-17 16:00:00,20.6,52,987.1,4.0,Partly cloudy
2026-01-17 17:00:00,18.0,68,986.7,4.7,Partly cloudy
2026-01-17 18:00:00,16.3,74,986.7,5.6,Partly cloudy
2026-01-17 19:00:00,14.9,79,986.7,5.0,Partly cloudy
2026-01-17 20:00:00,13.9,82,986.8,4.3,Partly cloudy
2026-01-17 21:00:00,13.0,85,986.9,4.9,Partly cloudy
2026-01-17 22:00:00,12.2,87,986.7,4.8,Partly cloudy
2026-01-17 23:00:00,12.1,86,986.7,3.3,Partly cloudy
2026-01-18 00:00:00,11.4,88,986.6,2.4,Partly cloudy
2026-01-18 01:00:00,11.1,89,986.3,1.5,Partly cloudy
2026-01-18 02:00:00,10.6,91,985.8,1.6,Partly cloudy
2026-01-18 03:00:00,9.9,95,985.3,2.3,Clear sky
2026-01-18 04:00:00,9.0,98,984.8,2.0,Clear sky
2026-01-18 05:00:00,8.4,100,984.9,0.6,Partly cloudy
2026-01-18 06:00:00,7.9,99,985.3,1.7,Partly cloudy
2026-01-18 07:00:00,7.8,99,985.9,4.1,Partly cloudy
2026-01-18 08:00:00,8.4,98,986.7,3.8,Partly cloudy
2026-01-18 09:00:00,9.4,95,987.8,3.2,Partly cloudy
2026-01-18 10:00:00,11.9,87,988.9,3.6,Partly cloudy
2026-01-18 11:00:00,16.0,73,988.3,3.2,Clear sky
2026-01-18 12:00:00,19.5,58,987.4,3.5,Clear sky
2026-01-18 13:00:00,21.5,50,986.6,3.7,Clear sky
2026-01-18 14:00:00,22.4,45,985.9,3.5,Clear sky
2026-01-18 15:00:00,22.5,43,985.8,3.0,Partly cloudy
2026-01-18 16:00:00,22.1,43,985.8,1.8,Clear sky
2026-01-18 17:00:00,20.1,47,985.8,2.0,Clear sky
2026-01-18 18:00:00,18.2,53,986.4,3.9,Clear sky
2026-01-18 19:00:00,17.2,58,987.0,4.6,Clear sky
2026-01-18 20:00:00,16.2,67,987.4,4.7,Clear sky
2026-01-18 21:00:00,15.7,75,988.1,4.7,Clear sky
2026-01-18 22:00:00,15.0,82,988.0,5.9,Clear sky
2026-01-18 23:00:00,14.1,88,987.8,5.7,Clear sky
2026-01-19 00:00:00,13.8,89,988.0,7.3,Partly cloudy
2026-01-19 01:00:00,13.7,89,988.2,7.7,Partly cloudy
2026-01-19 02:00:00,13.3,88,988.0,7.1,Partly cloudy
2026-01-19 03:00:00,12.6,89,987.8,6.3,Clear sky
2026-01-19 04:00:00,11.8,91,987.5,5.5,Clear sky
2026-01-19 05:00:00,10.6,93,987.6,4.6,Clear sky
2026-01-19 06:00:00,10.4,94,988.1,4.8,Clear sky
2026-01-19 07:00:00,9.8,95,988.7,4.8,Clear sky
2026-01-19 08:00:00,10.9,92,989.4,5.6,Clear sky
2026-01-19 09:00:00,13.9,79,990.4,2.4,Clear sky
2026-01-19 10:00:00,17.1,65,991.2,1.4,Clear sky
2026-01-19 11:00:00,19.9,52,990.9,0.8,Clear sky
2026-01-19 12:00:00,22.5,37,990.4,1.7,Clear sky
2026-01-19 13:00:00,23.6,31,989.4,3.3,Clear sky
2026-01-19 14:00:00,24.0,31,988.7,5.0,Clear sky
2026-01-19 15:00:00,23.6,35,988.3,6.5,Clear sky
2026-01-19 16:00:00,22.5,42,988.3,8.3,Clear sky
2026-01-19 17:00:00,20.4,49,987.9,7.6,Clear sky
2026-01-19 18:00:00,18.8,55,988.2,5.8,Clear sky
2026-01-19 19:00:00,17.3,63,988.5,5.4,Clear sky
2026-01-19 20:00:00,16.1,71,988.7,5.3,Clear sky
2026-01-19 21:00:00,15.1,77,988.7,5.3,Clear sky
2026-01-19 22:00:00,14.1,81,988.7,4.8,Clear sky
2026-01-19 23:00:00,12.6,88,988.7,4.3,Clear sky
2026-01-20 00:00:00,11.6,90,988.5,4.3,Clear sky
2026-01-20 01:00:00,11.2,88,988.4,4.9,Clear sky
2026-01-20 02:00:00,10.9,85,987.9,5.4,Clear sky
2026-01-20 03:00:00,10.8,85,987.9,5.8,Clear sky
2026-01-20 04:00:00,10.1,88,987.7,4.8,Clear sky
2026-01-20 05:00:00,9.6,90,988.2,6.3,Clear sky
2026-01-20 06:00:00,8.9,90,988.7,5.8,Clear sky
2026-01-20 07:00:00,8.5,91,989.3,4.9,Clear sky
2026-01-20 08:00:00,10.3,82,990.1,6.3,Clear sky
2026-01-20 09:00:00,13.9,69,991.3,4.7,Clear sky
2026-01-20 10:00:00,17.4,60,992.5,3.6,Clear sky
2026-01-20 11:00:00,20.5,53,992.5,5.6,Clear sky
2026-01-20 12:00:00,22.7,45,991.9,6.7,Clear sky
2026-01-20 13:00:00,23.5,41,991.0,7.6,Partly cloudy
2026-01-20 14:00:00,23.6,38,990.1,7.7,Partly cloudy
2026-01-20 15:00:00,23.4,39,989.7,7.6,Partly cloudy
2026-01-20 16:00:00,22.7,42,989.6,7.7,Partly cloudy
2026-01-20 17:00:00,21.2,48,989.3,5.7,Partly cloudy
2026-01-20 18:00:00,19.1,60,989.7,4.8,Clear sky
2026-01-20 19:00:00,17.7,69,990.0,5.5,Clear sky
2026-01-20 20:00:00,16.2,76,990.6,4.9,Clear sky
2026-01-20 21:00:00,15.5,80,990.9,5.5,Clear sky
2026-01-20 22:00:00,15.3,80,991.2,7.0,Clear sky
2026-01-20 23:00:00,14.4,86,991.4,7.4,Clear sky
2026-01-21 00:00:00,13.4,86,991.0,6.9,Clear sky
2026-01-21 01:00:00,12.6,86,990.9,7.0,Clear sky
2026-01-21 02:00:00,11.9,86,990.6,6.3,Clear sky
2026-01-21 03:00:00,11.1,88,990.5,5.3,Clear sky
2026-01-21 04:00:00,10.1,90,990.4,3.5,Clear sky
2026-01-21 05:00:00,9.4,97,990.5,2.8,Clear sky
2026-01-21 06:00:00,8.4,100,990.8,3.2,Partly cloudy
2026-01-21 07:00:00,8.2,100,991.6,5.2,Partly cloudy
2026-01-21 08:00:00,9.1,98,992.3,4.3,Partly cloudy
2026-01-21 09:00:00,11.9,85,993.4,3.2,Clear sky
2026-01-21 10:00:00,16.0,68,994.1,2.2,Clear sky
2026-01-21 11:00:00,19.8,57,993.8,3.9,Clear sky
2026-01-21 12:00:00,22.0,42,993.1,7.2,Clear sky
2026-01-21 13:00:00,22.5,38,992.2,9.0,Clear sky
2026-01-21 14:00:00,22.6,35,991.5,9.7,Clear sky
2026-01-21 15:00:00,22.2,35,991.1,9.6,Clear sky
2026-01-21 16:00:00,21.5,36,990.9,8.6,Clear sky
2026-01-21 17:00:00,19.9,45,990.7,5.5,Clear sky
2026-01-21 18:00:00,17.6,56,991.1,4.0,Clear sky
2026-01-21 19:00:00,16.2,65,991.2,4.8,Clear sky
2026-01-21 20:00:00,15.4,70,991.7,6.2,Clear sky
2026-01-21 21:00:00,14.6,72,991.9,6.5,Clear sky
2026-01-21 22:00:00,13.6,74,991.8,5.4,Clear sky
2026-01-21 23:00:00,12.7,78,991.9,4.7,Clear sky
2026-01-22 00:00:00,11.8,80,991.7,3.8,Clear sky
2026-01-22 01:00:00,11.1,81,991.4,3.2,Clear sky
2026-01-22 02:00:00,10.2,82,991.1,4.9,Clear sky
2026-01-22 03:00:00,9.6,83,990.4,4.6,Clear sky
2026-01-22 04:00:00,8.9,84,990.0,4.3,Clear sky
2026-01-22 05:00:00,8.1,89,989.8,4.2,Clear sky
2026-01-22 06:00:00,7.9,90,990.0,2.2,Clear sky
2026-01-22 07:00:00,7.7,91,990.2,1.5,Clear sky
2026-01-22 08:00:00,9.4,84,990.8,1.8,Clear sky
2026-01-22 09:00:00,13.6,68,991.3,1.9,Clear sky
2026-01-22 10:00:00,17.5,53,992.2,2.3,Clear sky
2026-01-22 11:00:00,20.5,41,992.4,3.6,Clear sky
2026-01-22 12:00:00,22.9,38,991.4,3.6,Clear sky
2026-01-22 13:00:00,24.4,33,990.2,2.3,Clear sky
2026-01-22 14:00:00,25.4,30,988.9,3.3,Clear sky
2026-01-22 15:00:00,25.6,29,988.4,4.2,Clear sky
2026-01-22 16:00:00,25.0,31,988.0,6.7,Clear sky
2026-01-22 17:00:00,22.7,39,988.3,7.0,Partly cloudy
2026-01-22 18:00:00,21.2,47,988.9,7.7,Partly cloudy
2026-01-22 19:00:00,20.1,59,989.1,10.3,Partly cloudy
2026-01-22 20:00:00,19.5,64,989.4,12.6,Partly cloudy
2026-01-22 21:00:00,19.1,67,989.4,12.9,Partly cloudy
2026-01-22 22:00:00,18.8,67,988.5,15.2,Partly cloudy
2026-01-22 23:00:00,18.9,66,988.4,16.5,Partly cloudy
2026-01-23 00:00:00,18.2,67,988.0,17.3,Partly cloudy
2026-01-23 01:00:00,17.6,69,987.7,14.1,Partly cloudy
2026-01-23 02:00:00,17.1,70,987.6,8.9,Partly cloudy
2026-01-23 03:00:00,15.9,79,987.6,5.6,Drizzle
2026-01-23 04:00:00,15.4,85,986.7,11.2,Drizzle
2026-01-23 05:00:00,16.2,72,985.8,19.2,Partly cloudy
2026-01-23 06:00:00,16.0,73,986.1,20.4,Drizzle
2026-01-23 07:00:00,15.0,77,988.0,7.9,Rain
2026-01-23 08:00:00,14.6,89,989.5,5.2,Rain
2026-01-23 09:00:00,14.4,90,990.1,12.2,Rain
2026-01-23 10:00:00,14.6,92,990.1,15.0,Rain
2026-01-23 11:00:00,14.3,89,990.1,18.7,Drizzle
2026-01-23 12:00:00,15.0,86,989.3,15.1,Drizzle
2026-01-23 13:00:00,16.7,79,988.7,14.1,Drizzle
2026-01-23 14:00:00,17.2,77,987.8,17.1,Drizzle
2026-01-23 15:00:00,16.3,84,987.7,13.9,Drizzle
2026-01-23 16:00:00,15.9,87,987.8,7.4,Rain
2026-01-23 17:00:00,15.8,85,989.4,9.7,Rain
2026-01-23 18:00:00,14.3,92,990.8,6.7,Rain
2026-01-23 19:00:00,14.6,91,991.8,9.8,Drizzle
2026-01-23 20:00:00,14.4,89,992.4,6.2,Drizzle
2026-01-23 21:00:00,14.0,91,993.2,1.8,Drizzle
2026-01-23 22:00:00,12.7,91,993.3,3.4,Clear sky
2026-01-23 23:00:00,12.4,95,993.7,2.0,Partly cloudy
2026-01-24 00:00:00,12.5,94,994.2,0.5,Partly cloudy
2026-01-24 01:00:00,11.2,99,994.3,6.6,Partly cloudy
2026-01-24 02:00:00,10.8,100,994.6,12.5,Partly cloudy
2026-01-24 03:00:00,8.9,99,994.8,12.6,Partly cloudy
2026-01-24 04:00:00,8.4,86,995.1,11.4,Partly cloudy
2026-01-24 05:00:00,8.2,71,995.8,11.8,Partly cloudy
2026-01-24 06:00:00,7.6,73,996.6,10.6,Partly cloudy
2026-01-24 07:00:00,7.4,75,997.3,10.7,Clear sky
2026-01-24 08:00:00,8.2,74,997.9,11.0,Clear sky
2026-01-24 09:00:00,10.0,68,998.8,8.6,Clear sky
2026-01-24 10:00:00,11.9,60,998.8,9.0,Clear sky
2026-01-24 11:00:00,13.9,51,998.9,9.1,Clear sky
2026-01-24 12:00:00,15.1,45,997.6,11.0,Clear sky
2026-01-24 13:00:00,15.9,45,996.6,10.4,Clear sky
2026-01-24 14:00:00,16.0,46,995.9,10.7,Clear sky
2026-01-24 15:00:00,15.8,48,995.2,11.8,Partly cloudy
2026-01-24 16:00:00,14.9,53,994.7,11.0,Partly cloudy
2026-01-24 17:00:00,13.4,62,994.2,10.6,Partly cloudy
2026-01-24 18:00:00,11.8,68,994.7,9.2,Partly cloudy
2026-01-24 19:00:00,10.9,70,995.4,10.3,Partly cloudy
2026-01-24 20:00:00,9.9,72,995.9,9.6,Partly cloudy
2026-01-24 21:00:00,9.1,74,996.1,9.2,Partly cloudy
2026-01-24 22:00:00,8.6,75,995.9,9.6,Partly cloudy
2026-01-24 23:00:00,8.4,75,995.6,11.4,Partly cloudy
2026-01-25 00:00:00,8.1,76,995.2,9.4,Partly cloudy
2026-01-25 01:00:00,7.8,77,994.7,9.0,Partly cloudy
2026-01-25 02:00:00,7.8,77,994.1,8.3,Partly cloudy
2026-01-25 03:00:00,6.9,81,993.4,7.0,Partly cloudy
2026-01-25 04:00:00,6.4,84,992.8,6.0,Partly cloudy
2026-01-25 05:00:00,6.3,86,992.9,6.8,Partly cloudy
2026-01-25 06:00:00,6.2,88,993.1,6.0,Partly cloudy
2026-01-25 07:00:00,5.9,89,993.7,9.0,Partly cloudy
2026-01-25 08:00:00,6.6,87,994.4,9.0,Clear sky
2026-01-25 09:00:00,8.6,79,995.3,8.4,Clear sky
2026-01-25 10:00:00,11.2,72,995.7,8.8,Clear sky
2026-01-25 11:00:00,13.6,64,995.2,10.6,Clear sky
2026-01-25 12:00:00,15.1,58,994.4,10.6,Clear sky
2026-01-25 13:00:00,16.0,57,993.5,9.5,Clear sky
2026-01-25 14:00:00,16.4,56,992.7,8.5,Clear sky
2026-01-25 15:00:00,16.5,56,992.5,7.0,Clear sky
2026-01-25 16:00:00,15.9,59,991.9,5.9,Clear sky
2026-01-25 17:00:00,14.4,70,991.9,5.3,Partly cloudy
2026-01-25 18:00:00,12.6,77,992.5,5.4,Clear sky
2026-01-25 19:00:00,11.2,82,992.5,5.0,Clear sky
2026-01-25 20:00:00,10.2,85,993.0,5.1,Clear sky
2026-01-25 21:00:00,9.8,85,993.6,6.5,Clear sky
2026-01-25 22:00:00,9.0,86,993.5,5.6,Clear sky
2026-01-25 23:00:00,8.5,88,993.2,5.2,Clear sky
2026-01-26 00:00:00,7.7,91,992.7,4.7,Clear sky
2026-01-26 01:00:00,7.2,92,992.4,3.1,Clear sky
2026-01-26 02:00:00,6.7,93,992.3,3.6,Partly cloudy
2026-01-26 03:00:00,6.3,94,992.5,4.7,Partly cloudy
2026-01-26 04:00:00,5.9,94,991.9,3.2,Clear sky
2026-01-26 05:00:00,5.5,96,992.2,4.7,Clear sky
2026-01-26 06:00:00,5.2,96,992.8,4.1,Clear sky
2026-01-26 07:00:00,5.1,96,993.4,3.8,Clear sky
2026-01-26 08:00:00,6.8,93,994.3,3.1,Clear sky
2026-01-26 09:00:00,9.8,86,995.3,1.3,Clear sky
2026-01-26 10:00:00,12.7,77,995.9,1.2,Clear sky
2026-01-26 11:00:00,15.1,66,995.4,1.4,Clear sky
2026-01-26 12:00:00,17.0,60,994.6,1.6,Clear sky
2026-01-26 13:00:00,18.0,55,993.8,3.6,Clear sky
2026-01-26 14:00:00,18.4,52,992.9,4.0,Clear sky
2026-01-26 15:00:00,18.4,52,992.3,2.1,Clear sky
2026-01-26 16:00:00,18.1,54,992.2,1.5,Partly cloudy
2026-01-26 17:00:00,16.7,67,991.9,2.3,Partly cloudy
2026-01-26 18:00:00,16.1,69,992.3,1.8,Partly cloudy
2026-01-26 19:00:00,15.4,73,992.6,4.0,Partly cloudy
2026-01-26 20:00:00,15.0,74,993.6,1.5,Clear sky
2026-01-26 21:00:00,13.5,78,993.5,2.1,Clear sky
2026-01-26 22:00:00,12.2,82,993.0,4.8,Clear sky
2026-01-26 23:00:00,11.5,85,993.2,2.4,Clear sky
2026-01-27 00:00:00,11.4,87,992.9,5.8,Clear sky
2026-01-27 01:00:00,10.9,89,992.6,5.0,Clear sky
2026-01-27 02:00:00,11.4,87,992.2,7.4,Clear sky
2026-01-27 03:00:00,11.3,86,991.8,8.0,Clear sky
2026-01-27 04:00:00,11.4,84,991.0,8.9,Clear sky
2026-01-27 05:00:00,11.7,80,991.2,7.6,Clear sky
2026-01-27 06:00:00,11.8,79,991.5,7.6,Clear sky
2026-01-27 07:00:00,11.8,79,991.8,7.5,Partly cloudy
2026-01-27 08:00:00,12.8,77,992.2,9.4,Drizzle
2026-01-27 09:00:00,13.5,76,993.2,4.3,Rain
2026-01-27 10:00:00,14.6,78,993.9,12.7,Rain
2026-01-27 11:00:00,16.6,70,993.5,10.2,Partly cloudy
2026-01-27 12:00:00,18.4,69,992.2,11.7,Partly cloudy
2026-01-27 13:00:00,19.4,70,991.4,13.8,Partly cloudy
2026-01-27 14:00:00,19.8,71,990.0,13.4,Partly cloudy
2026-01-27 15:00:00,19.5,75,989.7,10.2,Drizzle
2026-01-27 16:00:00,18.9,78,989.1,14.0,Partly cloudy
2026-01-27 17:00:00,16.4,86,990.3,6.3,Drizzle
2026-01-27 18:00:00,15.4,92,990.8,7.8,Partly cloudy
2026-01-27 19:00:00,15.3,91,991.5,10.0,Drizzle
2026-01-27 20:00:00,14.9,89,991.7,10.0,Partly cloudy
2026-01-27 21:00:00,14.6,90,992.1,9.7,Partly cloudy
2026-01-27 22:00:00,14.3,92,991.8,8.2,Clear sky
2026-01-27 23:00:00,13.6,95,992.4,8.6,Partly cloudy
2026-01-28 00:00:00,13.7,95,992.2,4.7,Partly cloudy
2026-01-28 01:00:00,13.5,96,992.0,5.2,Drizzle
2026-01-28 02:00:00,12.1,97,992.2,1.3,Drizzle
2026-01-28 03:00:00,12.5,98,992.1,2.0,Drizzle
2026-01-28 04:00:00,12.8,97,991.9,1.2,Drizzle
2026-01-28 05:00:00,12.3,97,992.3,4.0,Drizzle
2026-01-28 06:00:00,12.6,97,992.9,5.3,Partly cloudy
2026-01-28 07:00:00,12.7,97,993.7,4.7,Partly cloudy
2026-01-28 08:00:00,13.0,96,994.8,7.5,Partly cloudy
2026-01-28 09:00:00,13.7,89,996.0,9.4,Partly cloudy
2026-01-28 10:00:00,14.2,86,996.1,7.6,Partly cloudy
2026-01-28 11:00:00,16.0,79,995.7,6.6,Partly cloudy
2026-01-28 12:00:00,17.0,72,994.9,4.9,Partly cloudy
2026-01-28 13:00:00,18.0,66,994.2,3.0,Partly cloudy
2026-01-28 14:00:00,18.4,62,994.0,4.6,Partly cloudy
2026-01-28 15:00:00,18.4,60,994.1,7.2,Partly cloudy
2026-01-28 16:00:00,18.1,63,993.9,7.3,Partly cloudy
2026-01-28 17:00:00,17.0,72,993.8,7.0,Clear sky
2026-01-28 18:00:00,15.1,83,993.8,8.0,Clear sky
2026-01-28 19:00:00,14.0,85,994.1,6.3,Clear sky
2026-01-28 20:00:00,13.1,86,994.1,7.1,Clear sky
2026-01-28 21:00:00,12.4,88,994.2,6.1,Clear sky
2026-01-28 22:00:00,11.8,91,994.1,5.1,Clear sky
2026-01-28 23:00:00,11.6,95,994.2,6.4,Clear sky
2026-01-29 00:00:00,11.3,96,994.0,7.0,Clear sky
2026-01-29 01:00:00,11.0,96,994.0,8.3,Clear sky
2026-01-29 02:00:00,10.6,97,993.6,7.8,Clear sky
2026-01-29 03:00:00,10.4,97,993.3,7.4,Clear sky
2026-01-29 04:00:00,9.9,97,992.7,6.7,Clear sky
2026-01-29 05:00:00,9.9,99,993.0,7.3,Partly cloudy
2026-01-29 06:00:00,9.8,100,993.4,4.3,Partly cloudy
2026-01-29 07:00:00,10.1,100,994.0,5.1,Partly cloudy
2026-01-29 08:00:00,10.6,98,994.5,6.5,Partly cloudy
2026-01-29 09:00:00,12.1,92,995.5,8.0,Partly cloudy
2026-01-29 10:00:00,14.3,85,996.0,8.5,Partly cloudy
2026-01-29 11:00:00,15.6,77,996.3,9.9,Partly cloudy
2026-01-29 12:00:00,17.1,70,995.3,7.2,Partly cloudy
2026-01-29 13:00:00,17.9,69,994.3,6.7,Clear sky
2026-01-29 14:00:00,18.4,67,993.6,7.3,Clear sky
2026-01-29 15:00:00,18.4,67,993.1,6.9,Clear sky
2026-01-29 16:00:00,17.9,68,992.9,7.4,Clear sky
2026-01-29 17:00:00,15.9,78,993.2,6.6,Partly cloudy
2026-01-29 18:00:00,14.1,85,993.0,5.3,Partly cloudy
2026-01-29 19:00:00,13.6,86,993.3,6.0,Partly cloudy
2026-01-29 20:00:00,12.9,88,993.7,5.8,Partly cloudy
2026-01-29 21:00:00,11.6,91,994.1,5.1,Clear sky
2026-01-29 22:00:00,10.8,94,994.0,5.0,Clear sky
2026-01-29 23:00:00,10.1,95,993.8,3.6,Partly cloudy
2026-01-30 00:00:00,9.7,96,993.6,4.7,Partly cloudy
2026-01-30 01:00:00,9.3,96,993.3,5.0,Partly cloudy
2026-01-30 02:00:00,9.6,94,992.8,6.0,Partly cloudy
2026-01-30 03:00:00,9.9,93,992.7,7.8,Partly cloudy
2026-01-30 04:00:00,9.9,92,992.7,6.8,Partly cloudy
2026-01-30 05:00:00,9.4,95,992.4,4.9,Partly cloudy
2026-01-30 06:00:00,8.9,95,992.6,2.3,Partly cloudy
2026-01-30 07:00:00,8.7,97,992.6,2.1,Partly cloudy
2026-01-30 08:00:00,10.2,94,993.7,7.1,Partly cloudy
2026-01-30 09:00:00,12.3,90,994.5,5.2,Clear sky
2026-01-30 10:00:00,14.6,81,994.8,6.0,Partly cloudy
2026-01-30 11:00:00,16.5,75,994.8,6.5,Partly cloudy
2026-01-30 12:00:00,18.0,68,993.8,6.2,Partly cloudy
2026-01-30 13:00:00,18.9,66,992.6,5.8,Partly cloudy
2026-01-30 14:00:00,19.3,65,991.7,5.7,Partly cloudy
2026-01-30 15:00:00,19.2,66,991.7,6.5,Partly cloudy
2026-01-30 16:00:00,18.6,69,991.6,6.0,Partly cloudy
2026-01-30 17:00:00,17.2,80,991.3,3.6,Partly cloudy
2026-01-30 18:00:00,15.7,82,991.3,2.2,Partly cloudy
2026-01-30 19:00:00,14.4,85,991.6,1.8,Partly cloudy
2026-01-30 20:00:00,13.4,88,992.0,1.0,Clear sky
2026-01-30 21:00:00,12.9,90,992.4,0.5,Clear sky
2026-01-30 22:00:00,12.2,93,992.4,0.6,Clear sky
2026-01-30 23:00:00,11.4,99,992.3,0.9,Clear sky
2026-01-31 00:00:00,10.1,100,992.1,2.0,Partly cloudy
2026-01-31 01:00:00,8.6,100,991.9,2.6,Partly cloudy
2026-01-31 02:00:00,8.1,100,991.8,2.2,Partly cloudy
2026-01-31 03:00:00,8.5,100,991.7,1.7,Partly cloudy
2026-01-31 04:00:00,8.9,100,991.6,2.0,Partly cloudy
2026-01-31 05:00:00,8.5,99,991.8,2.7,Partly cloudy
2026-01-31 06:00:00,9.0,98,992.3,2.5,Partly cloudy
2026-01-31 07:00:00,9.1,99,992.9,3.8,Partly cloudy
2026-01-31 08:00:00,9.9,98,993.8,4.3,Partly cloudy
2026-01-31 09:00:00,11.4,96,994.4,3.2,Partly cloudy
2026-01-31 10:00:00,13.0,94,995.2,6.1,Partly cloudy
2026-01-31 11:00:00,16.6,80,995.5,5.4,Clear sky
2026-01-31 12:00:00,18.5,71,994.6,7.1,Clear sky
2026-01-31 13:00:00,19.6,63,993.3,9.2,Clear sky
2026-01-31 14:00:00,20.1,59,992.7,7.5,Clear sky
2026-01-31 15:00:00,20.2,58,992.5,6.0,Clear sky
2026-01-31 16:00:00,19.8,62,992.1,6.7,Clear sky
2026-01-31 17:00:00,18.0,70,991.7,8.0,Clear sky
2026-01-31 18:00:00,16.7,78,992.2,7.9,Clear sky
2026-01-31 19:00:00,15.9,83,992.3,7.7,Partly cloudy
2026-01-31 20:00:00,15.5,85,992.6,8.4,Partly cloudy
2026-01-31 21:00:00,15.0,87,992.8,8.4,Partly cloudy
2026-01-31 22:00:00,14.6,88,992.6,8.1,Partly cloudy
2026-01-31 23:00:00,14.2,89,992.6,8.5,Drizzle
2026-02-01 00:00:00,13.9,90,992.2,5.8,Partly cloudy
2026-02-01 01:00:00,13.4,89,992.6,5.0,Partly cloudy
2026-02-01 02:00:00,13.4,88,991.8,7.5,Partly cloudy
2026-02-01 03:00:00,12.7,91,992.6,6.3,Drizzle
2026-02-01 04:00:00,12.1,93,992.1,9.0,Partly cloudy
2026-02-01 05:00:00,13.1,93,992.1,8.3,Partly cloudy
2026-02-01 06:00:00,12.4,95,992.2,5.0,Clear sky
2026-02-01 07:00:00,12.4,95,992.8,6.7,Partly cloudy
2026-02-01 08:00:00,13.8,94,993.7,7.8,Partly cloudy
2026-02-01 09:00:00,15.7,87,994.3,5.4,Clear sky
2026-02-01 10:00:00,17.7,80,994.6,4.8,Clear sky
2026-02-01 11:00:00,18.6,71,994.9,8.9,Clear sky
2026-02-01 12:00:00,19.9,65,994.3,7.4,Partly cloudy
2026-02-01 13:00:00,20.5,64,993.3,6.8,Clear sky
2026-02-01 14:00:00,21.1,64,992.5,5.4,Clear sky
2026-02-01 15:00:00,21.5,62,992.3,5.5,Partly cloudy
2026-02-01 16:00:00,21.1,64,992.3,5.1,Partly cloudy
2026-02-01 17:00:00,20.0,74,991.9,4.6,Clear sky
2026-02-01 18:00:00,18.4,81,992.2,5.7,Clear sky
2026-02-01 19:00:00,17.0,86,992.4,4.1,Clear sky
2026-02-01 20:00:00,16.2,88,992.9,2.7,Clear sky
2026-02-01 21:00:00,15.2,92,993.4,2.3,Clear sky
2026-02-01 22:00:00,14.2,95,993.7,4.6,Clear sky
2026-02-01 23:00:00,14.1,99,994.0,0.5,Clear sky
2026-02-02 00:00:00,13.4,100,994.0,3.2,Partly cloudy
2026-02-02 01:00:00,13.2,100,994.2,6.0,Partly cloudy
2026-02-02 02:00:00,13.0,100,994.1,5.9,Partly cloudy
2026-02-02 03:00:00,12.6,100,994.0,4.4,Partly cloudy
2026-02-02 04:00:00,12.4,100,993.8,1.4,Partly cloudy
2026-02-02 05:00:00,12.9,100,993.7,2.9,Partly cloudy
2026-02-02 06:00:00,12.9,100,993.8,3.1,Partly cloudy
2026-02-02 07:00:00,12.9,100,994.3,3.8,Partly cloudy
2026-02-02 08:00:00,13.2,98,995.0,4.2,Partly cloudy
2026-02-02 09:00:00,13.7,97,995.6,6.6,Partly cloudy
2026-02-02 10:00:00,15.1,91,995.9,8.0,Partly cloudy
2026-02-02 11:00:00,16.2,87,995.7,9.5,Partly cloudy
2026-02-02 12:00:00,18.0,79,994.9,9.4,Partly cloudy
2026-02-02 13:00:00,19.2,70,993.9,8.1,Partly cloudy
2026-02-02 14:00:00,20.0,65,993.1,7.4,Partly cloudy
2026-02-02 15:00:00,20.0,67,992.5,7.3,Partly cloudy
2026-02-02 16:00:00,19.6,69,992.3,6.9,Partly cloudy
2026-02-02 17:00:00,17.6,78,992.3,6.0,Partly cloudy
2026-02-02 18:00:00,16.1,84,992.3,5.9,Partly cloudy
2026-02-02 19:00:00,15.2,87,992.5,6.5,Partly cloudy
2026-02-02 20:00:00,14.2,89,992.8,6.1,Clear sky
2026-02-02 21:00:00,13.6,91,993.1,6.0,Clear sky
2026-02-02 22:00:00,12.9,92,992.9,5.7,Clear sky
2026-02-02 23:00:00,12.8,94,993.0,5.7,Clear sky
2026-02-03 00:00:00,12.4,95,992.9,5.5,Clear sky
2026-02-03 01:00:00,11.1,96,992.8,5.5,Clear sky
2026-02-03 02:00:00,10.8,95,992.6,3.7,Clear sky
2026-02-03 03:00:00,10.4,96,992.6,2.8,Clear sky
2026-02-03 04:00:00,9.9,97,992.4,3.1,Clear sky
2026-02-03 05:00:00,9.7,99,993.0,4.6,Partly cloudy
2026-02-03 06:00:00,9.4,100,993.4,4.7,Partly cloudy
2026-02-03 07:00:00,9.4,99,994.2,5.2,Partly cloudy
2026-02-03 08:00:00,10.5,98,995.5,3.0,Partly cloudy
2026-02-03 09:00:00,11.9,98,996.4,2.6,Partly cloudy
2026-02-03 10:00:00,14.1,90,996.9,2.2,Partly cloudy
2026-02-03 11:00:00,15.9,83,997.1,2.6,Clear sky
2026-02-03 12:00:00,17.9,74,996.5,3.6,Clear sky
2026-02-03 13:00:00,19.0,65,995.7,5.6,Clear sky
2026-02-03 14:00:00,19.5,60,994.8,5.9,Clear sky
2026-02-03 15:00:00,19.6,58,994.5,4.2,Partly cloudy
2026-02-03 16:00:00,19.4,59,994.3,3.8,Partly cloudy
2026-02-03 17:00:00,18.2,67,994.3,4.3,Partly cloudy
2026-02-03 18:00:00,16.4,73,994.4,3.9,Partly cloudy
2026-02-03 19:00:00,15.6,75,994.9,3.2,Partly cloudy
2026-02-03 20:00:00,14.8,80,995.4,4.3,Partly cloudy
2026-02-03 21:00:00,14.0,84,995.6,5.1,Partly cloudy
2026-02-03 22:00:00,12.9,87,995.6,4.9,Clear sky
2026-02-03 23:00:00,12.2,91,995.8,3.9,Clear sky
2026-02-04 00:00:00,11.6,93,995.9,2.0,Partly cloudy
2026-02-04 01:00:00,10.9,94,995.9,2.1,Partly cloudy
2026-02-04 02:00:00,10.3,95,995.5,4.2,Clear sky
2026-02-04 03:00:00,10.3,95,995.3,5.5,Partly cloudy
2026-02-04 04:00:00,10.2,94,995.1,5.7,Partly cloudy
2026-02-04 05:00:00,10.6,93,995.4,5.8,Partly cloudy
2026-02-04 06:00:00,10.4,93,995.7,5.6,Clear sky
2026-02-04 07:00:00,10.3,94,995.9,6.1,Clear sky
2026-02-04 08:00:00,11.9,91,996.3,8.5,Clear sky
2026-02-04 09:00:00,14.4,86,997.3,4.3,Clear sky
2026-02-04 10:00:00,17.0,76,997.7,5.4,Clear sky
2026-02-04 11:00:00,18.3,68,997.5,7.3,Clear sky
2026-02-04 12:00:00,19.4,61,996.9,8.4,Clear sky
2026-02-04 13:00:00,19.9,59,995.8,9.4,Clear sky
2026-02-04 14:00:00,20.1,57,995.0,10.2,Clear sky
2026-02-04 15:00:00,20.0,56,994.6,10.0,Clear sky
2026-02-04 16:00:00,19.5,58,994.5,9.3,Clear sky
2026-02-04 17:00:00,18.4,67,994.0,7.4,Clear sky
2026-02-04 18:00:00,16.3,76,994.0,7.7,Clear sky
2026-02-04 19:00:00,15.2,80,994.1,7.2,Clear sky
2026-02-04 20:00:00,14.4,82,994.4,8.3,Clear sky
2026-02-04 21:00:00,13.7,84,994.4,8.9,Clear sky
2026-02-04 22:00:00,13.1,85,994.2,8.5,Clear sky
2026-02-04 23:00:00,12.7,89,994.1,9.2,Clear sky
2026-02-05 00:00:00,12.4,89,993.9,8.7,Clear sky
2026-02-05 01:00:00,12.0,90,993.7,8.4,Clear sky
2026-02-05 02:00:00,11.6,91,993.4,8.4,Clear sky
2026-02-05 03:00:00,11.2,91,993.1,8.5,Clear sky
2026-02-05 04:00:00,10.9,91,992.9,8.7,Clear sky
2026-02-05 05:00:00,10.6,90,993.3,10.3,Clear sky
2026-02-05 06:00:00,10.1,90,993.7,9.0,Clear sky
2026-02-05 07:00:00,9.9,89,994.0,8.8,Clear sky
2026-02-05 08:00:00,11.2,87,994.6,9.1,Clear sky
2026-02-05 09:00:00,13.4,81,995.5,6.3,Clear sky
2026-02-05 10:00:00,15.9,74,995.9,6.9,Clear sky
2026-02-05 11:00:00,18.5,65,995.5,9.2,Clear sky
2026-02-05 12:00:00,20.0,56,994.9,10.2,Clear sky
2026-02-05 13:00:00,20.9,50,994.0,11.1,Clear sky
2026-02-05 14:00:00,21.0,48,993.6,12.6,Clear sky
2026-02-05 15:00:00,20.9,46,993.3,12.9,Partly cloudy
2026-02-05 16:00:00,20.2,50,993.1,10.3,Partly cloudy
2026-02-05 17:00:00,18.9,61,992.9,8.5,Clear sky
2026-02-05 18:00:00,16.6,70,993.0,7.1,Clear sky
2026-02-05 19:00:00,15.2,75,993.4,6.1,Clear sky
2026-02-05 20:00:00,14.4,76,993.6,6.4,Clear sky
2026-02-05 21:00:00,14.1,75,993.8,7.6,Clear sky
2026-02-05 22:00:00,13.2,77,993.6,7.2,Clear sky
2026-02-05 23:00:00,12.8,80,993.7,8.2,Clear sky
2026-02-06 00:00:00,12.3,81,993.3,7.5,Clear sky
2026-02-06 01:00:00,11.6,83,993.1,6.7,Clear sky
2026-02-06 02:00:00,11.2,84,992.4,7.2,Clear sky
2026-02-06 03:00:00,10.9,84,992.2,7.9,Clear sky
2026-02-06 04:00:00,10.8,84,991.8,8.2,Clear sky
2026-02-06 05:00:00,10.6,85,991.9,9.6,Clear sky
2026-02-06 06:00:00,10.2,87,992.8,9.5,Clear sky
2026-02-06 07:00:00,10.2,86,993.3,10.6,Clear sky
2026-02-06 08:00:00,11.8,81,994.3,11.4,Clear sky
2026-02-06 09:00:00,14.3,74,995.1,9.2,Clear sky
2026-02-06 10:00:00,17.1,66,995.5,9.2,Clear sky
2026-02-06 11:00:00,20.1,58,995.2,10.6,Clear sky
2026-02-06 12:00:00,21.6,52,994.4,11.8,Clear sky
2026-02-06 13:00:00,22.3,48,993.3,13.3,Clear sky
2026-02-06 14:00:00,22.5,49,992.5,13.3,Clear sky
2026-02-06 15:00:00,22.4,49,991.8,12.9,Clear sky
2026-02-06 16:00:00,21.7,53,991.6,10.9,Clear sky
2026-02-06 17:00:00,20.3,62,991.3,8.5,Clear sky
2026-02-06 18:00:00,18.0,73,991.3,6.5,Clear sky
2026-02-06 19:00:00,16.9,76,991.6,6.4,Clear sky
2026-02-06 20:00:00,16.5,74,992.1,7.7,Clear sky
2026-02-06 21:00:00,15.9,75,992.4,8.6,Clear sky
2026-02-06 22:00:00,15.4,75,992.3,8.9,Clear sky
2026-02-06 23:00:00,15.3,75,992.2,10.0,Clear sky
2026-02-07 00:00:00,14.8,76,991.8,8.9,Clear sky
2026-02-07 01:00:00,14.0,79,991.5,8.0,Clear sky
2026-02-07 02:00:00,13.4,81,991.2,8.3,Clear sky
2026-02-07 03:00:00,12.9,83,990.6,8.1,Partly cloudy
2026-02-07 04:00:00,12.2,86,990.2,8.7,Partly cloudy
2026-02-07 05:00:00,12.2,87,990.5,9.7,Partly cloudy
2026-02-07 06:00:00,12.1,88,990.9,9.2,Partly cloudy
2026-02-07 07:00:00,12.0,88,991.2,9.7,Partly cloudy
2026-02-07 08:00:00,13.5,84,991.9,10.7,Clear sky
2026-02-07 09:00:00,15.9,77,992.6,7.9,Clear sky
2026-02-07 10:00:00,18.5,70,992.7,8.8,Clear sky
2026-02-07 11:00:00,20.8,62,992.4,10.5,Clear sky
2026-02-07 12:00:00,22.0,58,991.7,11.4,Clear sky
2026-02-07 13:00:00,22.9,54,990.7,12.9,Clear sky
2026-02-07 14:00:00,23.4,48,989.7,15.2,Clear sky
2026-02-07 15:00:00,23.2,48,989.4,15.2,Clear sky
2026-02-07 16:00:00,22.5,52,989.3,13.0,Clear sky
2026-02-07 17:00:00,21.2,62,988.7,8.8,Clear sky
2026-02-07 18:00:00,19.0,72,988.8,6.7,Clear sky
2026-02-07 19:00:00,18.2,71,989.1,9.2,Clear sky
2026-02-07 20:00:00,17.4,69,989.8,9.1,Clear sky
2026-02-07 21:00:00,16.4,73,990.4,8.6,Clear sky
2026-02-07 22:00:00,15.9,79,990.5,10.0,Clear sky
2026-02-07 23:00:00,15.5,82,990.4,9.9,Clear sky
2026-02-08 00:00:00,14.8,81,989.9,8.8,Clear sky
2026-02-08 01:00:00,14.1,78,990.0,7.8,Clear sky
2026-02-08 02:00:00,13.3,79,989.7,6.8,Clear sky
2026-02-08 03:00:00,12.6,79,989.6,7.1,Partly cloudy
2026-02-08 04:00:00,11.6,83,989.1,5.5,Partly cloudy
2026-02-08 05:00:00,11.1,84,988.8,6.7,Partly cloudy
2026-02-08 06:00:00,10.6,84,989.2,7.1,Clear sky
2026-02-08 07:00:00,10.4,84,989.6,7.8,Partly cloudy
2026-02-08 08:00:00,11.9,79,990.2,8.8,Partly cloudy
2026-02-08 09:00:00,14.7,71,991.3,5.9,Partly cloudy
2026-02-08 10:00:00,17.5,61,991.9,6.8,Partly cloudy
2026-02-08 11:00:00,20.2,51,991.7,9.3,Partly cloudy
2026-02-08 12:00:00,21.5,43,991.3,10.8,Partly cloudy
2026-02-08 13:00:00,22.0,42,990.4,11.7,Partly cloudy
2026-02-08 14:00:00,22.2,43,989.5,11.0,Clear sky
2026-02-08 15:00:00,22.1,42,988.8,10.2,Clear sky
2026-02-08 16:00:00,21.5,45,988.6,9.1,Clear sky
2026-02-08 17:00:00,20.0,53,988.2,6.7,Clear sky
2026-02-08 18:00:00,17.3,68,988.0,5.4,Clear sky
2026-02-08 19:00:00,16.1,72,988.4,5.6,Clear sky
2026-02-08 20:00:00,15.1,75,988.8,4.4,Partly cloudy
2026-02-08 21:00:00,14.2,77,988.8,3.6,Partly cloudy
2026-02-08 22:00:00,13.8,76,988.7,3.2,Partly cloudy
2026-02-08 23:00:00,13.4,79,989.0,4.5,Partly cloudy
2026-02-09 00:00:00,12.5,80,988.6,4.3,Partly cloudy
2026-02-09 01:00:00,11.9,81,988.2,3.1,Partly cloudy
2026-02-09 02:00:00,11.2,83,988.2,2.6,Partly cloudy
2026-02-09 03:00:00,10.5,86,987.8,2.2,Partly cloudy
2026-02-09 04:00:00,9.9,88,987.2,1.3,Partly cloudy
2026-02-09 05:00:00,9.6,93,987.4,3.4,Partly cloudy
2026-02-09 06:00:00,10.1,92,988.1,3.2,Partly cloudy
2026-02-09 07:00:00,10.1,92,988.9,3.5,Partly cloudy
2026-02-09 08:00:00,12.4,83,990.1,4.1,Partly cloudy
2026-02-09 09:00:00,15.6,71,991.1,1.8,Partly cloudy
2026-02-09 10:00:00,18.8,56,992.0,2.3,Partly cloudy
2026-02-09 11:00:00,21.2,44,991.9,3.2,Partly cloudy
2026-02-09 12:00:00,23.1,35,991.3,3.0,Partly cloudy
2026-02-09 13:00:00,24.1,30,990.3,2.3,Partly cloudy
2026-02-09 14:00:00,24.6,28,989.2,1.8,Partly cloudy
2026-02-09 15:00:00,24.8,28,989.0,2.3,Partly cloudy
2026-02-09 16:00:00,23.9,33,988.9,6.2,Partly cloudy
2026-02-09 17:00:00,21.9,46,988.4,6.3,Clear sky
2026-02-09 18:00:00,19.4,55,988.7,5.0,Partly cloudy
2026-02-09 19:00:00,18.5,56,989.4,4.9,Partly cloudy
2026-02-09 20:00:00,18.4,55,989.8,6.1,Clear sky
2026-02-09 21:00:00,17.2,61,990.1,5.8,Clear sky
2026-02-09 22:00:00,16.3,64,990.0,5.8,Clear sky
2026-02-09 23:00:00,15.9,67,989.6,5.7,Clear sky
2026-02-10 00:00:00,15.4,68,989.3,6.1,Clear sky
2026-02-10 01:00:00,14.6,72,989.0,5.4,Clear sky
2026-02-10 02:00:00,14.0,75,988.8,5.2,Clear sky
2026-02-10 03:00:00,13.2,77,988.4,5.6,Partly cloudy
2026-02-10 04:00:00,12.9,79,988.1,6.0,Partly cloudy
2026-02-10 05:00:00,12.3,84,988.7,4.8,Partly cloudy
2026-02-10 06:00:00,12.4,85,989.1,4.9,Partly cloudy
2026-02-10 07:00:00,12.3,85,990.1,4.9,Clear sky
2026-02-10 08:00:00,14.6,74,991.1,5.8,Partly cloudy
2026-02-10 09:00:00,17.2,62,991.7,3.3,Clear sky
2026-02-10 10:00:00,20.4,50,992.2,4.1,Clear sky
2026-02-10 11:00:00,23.0,41,992.2,5.4,Clear sky
2026-02-10 12:00:00,25.1,33,991.7,5.7,Clear sky
2026-02-10 13:00:00,26.1,30,990.7,5.7,Clear sky
2026-02-10 14:00:00,26.6,29,989.8,5.5,Clear sky
2026-02-10 15:00:00,26.6,28,989.4,5.2,Clear sky
2026-02-10 16:00:00,25.9,31,989.4,7.0,Clear sky
2026-02-10 17:00:00,23.0,54,989.5,10.3,Clear sky
2026-02-10 18:00:00,21.7,55,990.1,7.3,Clear sky
2026-02-10 19:00:00,20.6,59,991.0,4.7,Clear sky
2026-02-10 20:00:00,19.6,63,991.7,4.8,Clear sky
2026-02-10 21:00:00,18.9,65,992.4,7.1,Clear sky
2026-02-10 22:00:00,18.1,67,992.7,8.8,Clear sky
2026-02-10 23:00:00,17.5,73,992.6,5.4,Clear sky
2026-02-11 00:00:00,17.0,75,992.4,4.2,Clear sky
2026-02-11 01:00:00,16.6,77,992.3,2.8,Clear sky
2026-02-11 02:00:00,15.5,82,991.9,4.8,Clear sky
2026-02-11 03:00:00,14.1,88,991.8,4.1,Clear sky
2026-02-11 04:00:00,13.2,91,991.5,3.9,Clear sky
2026-02-11 05:00:00,13.6,86,991.7,5.4,Clear sky
2026-02-11 06:00:00,13.0,89,992.3,4.2,Clear sky
2026-02-11 07:00:00,12.9,90,992.9,3.5,Clear sky
2026-02-11 08:00:00,15.1,79,993.8,4.5,Clear sky
2026-02-11 09:00:00,18.1,66,995.0,4.4,Clear sky
2026-02-11 10:00:00,21.4,56,995.8,5.9,Clear sky
2026-02-11 11:00:00,23.5,48,995.4,8.7,Clear sky
2026-02-11 12:00:00,24.9,44,994.5,9.6,Clear sky
2026-02-11 13:00:00,25.5,42,993.6,10.5,Clear sky
2026-02-11 14:00:00,25.6,42,993.0,11.2,Clear sky
2026-02-11 15:00:00,25.4,43,992.6,11.5,Clear sky
2026-02-11 16:00:00,24.8,45,992.3,11.1,Clear sky
2026-02-11 17:00:00,23.6,48,992.1,9.1,Clear sky
2026-02-11 18:00:00,21.6,58,992.5,7.1,Clear sky
2026-02-11 19:00:00,20.2,65,993.0,7.7,Clear sky
2026-02-11 20:00:00,19.2,66,993.1,9.8,Clear sky
2026-02-11 21:00:00,18.4,64,993.3,10.7,Clear sky
2026-02-11 22:00:00,17.6,63,993.1,11.3,Clear sky
2026-02-11 23:00:00,17.0,66,993.1,12.3,Clear sky
2026-02-12 00:00:00,16.2,68,992.5,10.5,Clear sky
2026-02-12 01:00:00,15.4,70,992.5,8.6,Clear sky
2026-02-12 02:00:00,14.7,71,992.4,8.0,Clear sky
2026-02-12 03:00:00,13.9,74,991.8,7.8,Clear sky
2026-02-12 04:00:00,13.1,77,991.2,7.9,Clear sky
2026-02-12 05:00:00,12.8,83,991.6,9.9,Clear sky
2026-02-12 06:00:00,12.2,86,991.9,7.1,Clear sky
2026-02-12 07:00:00,11.7,88,992.1,6.5,Clear sky
2026-02-12 08:00:00,13.2,80,993.1,7.0,Clear sky
2026-02-12 09:00:00,16.0,68,994.2,6.2,Clear sky
2026-02-12 10:00:00,19.0,57,994.8,7.4,Clear sky
2026-02-12 11:00:00,21.7,50,994.6,8.7,Partly cloudy
2026-02-12 12:00:00,23.4,39,993.7,12.0,Partly cloudy
2026-02-12 13:00:00,23.9,37,992.8,11.6,Partly cloudy
2026-02-12 14:00:00,24.3,34,992.1,11.0,Clear sky
2026-02-12 15:00:00,24.0,34,991.6,10.7,Clear sky
2026-02-12 16:00:00,23.4,35,991.4,10.3,Partly cloudy
2026-02-12 17:00:00,21.8,43,991.1,9.5,Partly cloudy
2026-02-12 18:00:00,20.0,53,990.9,6.2,Partly cloudy
2026-02-12 19:00:00,18.6,60,991.0,5.7,Partly cloudy
2026-02-12 20:00:00,17.2,66,991.2,4.7,Partly cloudy
2026-02-12 21:00:00,16.5,66,991.4,4.9,Partly cloudy
2026-02-12 22:00:00,15.9,67,991.0,3.6,Partly cloudy
2026-02-12 23:00:00,15.8,65,990.7,6.5,Partly cloudy
2026-02-13 00:00:00,15.1,67,990.6,6.5,Partly cloudy
2026-02-13 01:00:00,14.1,70,990.2,5.5,Partly cloudy
2026-02-13 02:00:00,13.5,72,989.6,5.5,Partly cloudy
2026-02-13 03:00:00,13.1,72,989.5,6.0,Partly cloudy
2026-02-13 04:00:00,12.1,76,988.7,4.5,Partly cloudy
2026-02-13 05:00:00,11.5,84,989.0,5.4,Partly cloudy
2026-02-13 06:00:00,11.0,85,989.1,4.3,Partly cloudy
2026-02-13 07:00:00,10.9,85,989.7,5.8,Partly cloudy
2026-02-13 08:00:00,12.9,75,990.5,7.1,Partly cloudy
2026-02-13 09:00:00,16.1,60,991.4,6.4,Partly cloudy
2026-02-13 10:00:00,19.5,48,992.0,7.3,Partly cloudy
2026-02-13 11:00:00,22.1,41,992.1,8.9,Partly cloudy
2026-02-13 12:00:00,23.7,36,991.5,8.6,Partly cloudy
2026-02-13 13:00:00,24.4,35,990.7,8.9,Partly cloudy
2026-02-13 14:00:00,24.7,36,989.8,8.2,Partly cloudy
2026-02-13 15:00:00,24.6,36,989.6,7.8,Partly cloudy
2026-02-13 16:00:00,24.1,37,989.1,7.2,Partly cloudy
2026-02-13 17:00:00,22.7,39,988.9,6.6,Partly cloudy
2026-02-13 18:00:00,20.4,48,989.1,4.0,Partly cloudy
2026-02-13 19:00:00,18.9,56,989.5,3.8,Partly cloudy
2026-02-13 20:00:00,17.8,63,990.0,2.2,Partly cloudy
2026-02-13 21:00:00,17.2,65,990.3,0.7,Partly cloudy
2026-02-13 22:00:00,17.0,65,990.2,0.6,Partly cloudy
2026-02-13 23:00:00,15.8,74,990.2,1.4,Partly cloudy
2026-02-14 00:00:00,14.9,78,989.9,2.2,Partly cloudy
2026-02-14 01:00:00,13.2,85,989.5,4.1,Partly cloudy
2026-02-14 02:00:00,12.3,86,989.0,4.7,Partly cloudy
2026-02-14 03:00:00,11.9,85,988.6,4.8,Partly cloudy
2026-02-14 04:00:00,11.5,85,988.1,4.9,Partly cloudy
2026-02-14 05:00:00,10.9,91,988.3,3.8,Partly cloudy
2026-02-14 06:00:00,10.9,91,988.8,4.2,Partly cloudy
2026-02-14 07:00:00,11.1,89,989.3,6.4,Partly cloudy
2026-02-14 08:00:00,13.4,75,990.1,6.9,Partly cloudy
2026-02-14 09:00:00,17.1,59,991.0,5.4,Clear sky
2026-02-14 10:00:00,20.9,46,991.2,6.7,Clear sky
2026-02-14 11:00:00,23.5,39,990.9,8.3,Clear sky
2026-02-14 12:00:00,25.2,33,990.3,8.8,Clear sky
2026-02-14 13:00:00,26.0,30,989.5,10.0,Clear sky
2026-02-14 14:00:00,26.0,34,988.9,10.7,Clear sky
2026-02-14 15:00:00,26.0,33,988.4,10.9,Clear sky
2026-02-14 16:00:00,25.5,32,988.0,11.1,Clear sky
2026-02-14 17:00:00,24.0,38,987.7,10.2,Clear sky
2026-02-14 18:00:00,22.0,48,987.8,5.3,Clear sky
2026-02-14 19:00:00,20.4,56,988.1,4.2,Clear sky
2026-02-14 20:00:00,19.4,61,988.2,3.1,Clear sky
2026-02-14 21:00:00,18.2,65,988.3,4.6,Clear sky
2026-02-14 22:00:00,18.0,64,988.1,6.4,Clear sky
2026-02-14 23:00:00,17.1,69,988.4,5.9,Clear sky
2026-02-15 00:00:00,15.8,76,988.0,3.8,Clear sky
2026-02-15 01:00:00,15.0,79,987.5,3.7,Clear sky
2026-02-15 02:00:00,14.3,81,987.5,3.1,Clear sky
2026-02-15 03:00:00,13.2,86,987.3,4.3,Clear sky
2026-02-15 04:00:00,12.4,89,987.1,4.7,Clear sky
2026-02-15 05:00:00,12.1,95,987.1,4.9,Clear sky
2026-02-15 06:00:00,12.4,92,987.8,4.9,Clear sky
2026-02-15 07:00:00,12.8,89,988.3,5.5,Clear sky
2026-02-15 08:00:00,15.4,77,988.9,6.3,Clear sky
2026-02-15 09:00:00,19.0,62,990.1,4.2,Clear sky
2026-02-15 10:00:00,22.2,51,990.3,6.4,Clear sky
2026-02-15 11:00:00,24.9,43,990.2,8.8,Clear sky
2026-02-15 12:00:00,26.4,36,989.8,11.6,Clear sky
2026-02-15 13:00:00,27.0,32,988.9,12.6,Clear sky
2026-02-15 14:00:00,27.3,32,988.3,12.4,Clear sky
2026-02-15 15:00:00,27.1,32,987.8,12.0,Clear sky
2026-02-15 16:00:00,26.7,30,987.4,10.3,Clear sky
2026-02-15 17:00:00,25.4,36,987.5,6.0,Clear sky
2026-02-15 18:00:00,22.8,47,987.4,2.0,Clear sky
2026-02-15 19:00:00,21.6,52,987.7,1.2,Clear sky
2026-02-15 20:00:00,20.9,54,987.9,1.6,Clear sky
2026-02-15 21:00:00,20.2,55,988.4,1.3,Clear sky
2026-02-15 22:00:00,18.7,62,988.5,1.5,Clear sky
2026-02-15 23:00:00,17.6,70,988.3,1.5,Clear sky
2026-02-16 00:00:00,16.5,74,988.0,1.3,Clear sky
2026-02-16 01:00:00,15.4,79,987.6,0.6,Clear sky
2026-02-16 02:00:00,14.2,84,987.0,1.2,Clear sky
2026-02-16 03:00:00,13.2,88,986.6,1.5,Clear sky
2026-02-16 04:00:00,12.6,91,986.2,5.8,Clear sky
2026-02-16 05:00:00,11.8,96,986.6,4.8,Clear sky
2026-02-16 06:00:00,11.7,95,986.8,4.3,Partly cloudy
2026-02-16 07:00:00,12.0,95,987.7,4.3,Clear sky
2026-02-16 08:00:00,14.7,81,988.6,4.6,Clear sky
2026-02-16 09:00:00,19.2,61,989.7,4.0,Clear sky
2026-02-16 10:00:00,23.2,43,990.2,2.4,Clear sky
2026-02-16 11:00:00,26.1,34,990.0,1.3,Clear sky
2026-02-16 12:00:00,28.7,23,989.4,1.1,Clear sky
2026-02-16 13:00:00,29.4,19,988.3,3.2,Clear sky
2026-02-16 14:00:00,29.5,18,987.1,3.9,Clear sky
2026-02-16 15:00:00,29.1,19,986.6,4.5,Clear sky
2026-02-16 16:00:00,28.1,24,986.1,6.9,Clear sky
2026-02-16 17:00:00,24.9,38,985.9,11.3,Clear sky
2026-02-16 18:00:00,24.1,40,986.1,8.8,Clear sky
2026-02-16 19:00:00,23.3,43,986.6,8.4,Clear sky
2026-02-16 20:00:00,22.6,46,987.1,6.6,Clear sky
2026-02-16 21:00:00,21.9,49,987.8,5.8,Clear sky
2026-02-16 22:00:00,20.8,54,987.9,4.7,Clear sky
2026-02-16 23:00:00,20.0,60,988.0,5.3,Clear sky
2026-02-17 00:00:00,19.8,61,988.1,6.6,Clear sky
2026-02-17 01:00:00,18.6,65,988.2,6.4,Clear sky
2026-02-17 02:00:00,17.8,68,987.9,9.2,Clear sky
2026-02-17 03:00:00,17.1,70,988.1,8.3,Clear sky
2026-02-17 04:00:00,16.8,71,988.0,9.4,Clear sky
2026-02-17 05:00:00,17.1,67,988.4,10.3,Clear sky
2026-02-17 06:00:00,16.6,70,988.8,9.8,Clear sky
2026-02-17 07:00:00,16.6,70,989.6,9.9,Clear sky
2026-02-17 08:00:00,18.4,63,990.4,9.0,Clear sky
2026-02-17 09:00:00,21.0,53,991.1,7.6,Clear sky
2026-02-17 10:00:00,24.0,41,991.1,9.6,Clear sky
2026-02-17 11:00:00,26.8,31,991.0,9.9,Clear sky
2026-02-17 12:00:00,28.6,25,990.6,8.1,Clear sky
2026-02-17 13:00:00,29.7,22,989.6,5.8,Clear sky
2026-02-17 14:00:00,30.1,19,988.2,2.6,Clear sky
2026-02-17 15:00:00,30.1,19,987.6,1.3,Clear sky
2026-02-17 16:00:00,29.2,22,987.3,4.2,Clear sky
2026-02-17 17:00:00,27.8,28,987.3,2.8,Clear sky
2026-02-17 18:00:00,25.0,40,987.5,0.6,Clear sky
2026-02-17 19:00:00,23.9,41,988.0,1.5,Clear sky
2026-02-17 20:00:00,23.2,41,988.6,2.7,Partly cloudy
2026-02-17 21:00:00,22.5,49,988.8,5.4,Clear sky
2026-02-17 22:00:00,21.4,59,988.5,5.2,Clear sky
2026-02-17 23:00:00,20.5,68,988.7,2.9,Clear sky
2026-02-18 00:00:00,20.0,71,987.9,4.6,Clear sky
2026-02-18 01:00:00,19.0,76,988.0,1.9,Clear sky
2026-02-18 02:00:00,17.2,84,987.6,2.7,Partly cloudy
2026-02-18 03:00:00,16.5,86,987.9,3.3,Partly cloudy
2026-02-18 04:00:00,16.2,87,988.0,3.8,Partly cloudy
2026-02-18 05:00:00,16.5,88,988.6,4.7,Partly cloudy
2026-02-18 06:00:00,16.5,87,989.8,10.5,Partly cloudy
2026-02-18 07:00:00,16.7,87,990.5,7.0,Drizzle
2026-02-18 08:00:00,17.6,85,991.3,5.0,Partly cloudy
2026-02-18 09:00:00,19.0,74,992.0,8.4,Partly cloudy
2026-02-18 10:00:00,20.6,61,992.4,4.1,Partly cloudy
2026-02-18 11:00:00,20.4,63,992.5,4.9,Drizzle
2026-02-18 12:00:00,22.6,50,992.4,4.3,Partly cloudy
2026-02-18 13:00:00,22.5,50,991.8,7.1,Drizzle
2026-02-18 14:00:00,21.9,56,991.0,9.0,Drizzle
2026-02-18 15:00:00,22.0,53,990.3,5.6,Partly cloudy
2026-02-18 16:00:00,21.5,54,989.7,5.2,Partly cloudy
2026-02-18 17:00:00,17.5,85,989.4,2.9,Partly cloudy
2026-02-18 18:00:00,16.8,88,989.2,0.8,Partly cloudy
2026-02-18 19:00:00,15.9,90,989.6,1.9,Partly cloudy
2026-02-18 20:00:00,15.6,91,990.0,1.8,Partly cloudy
2026-02-18 21:00:00,15.3,91,990.4,0.3,Partly cloudy
2026-02-18 22:00:00,15.1,92,990.7,1.0,Partly cloudy
2026-02-18 23:00:00,15.4,93,990.5,1.5,Partly cloudy
2026-02-19 00:00:00,14.9,94,990.4,2.0,Partly cloudy
2026-02-19 01:00:00,14.4,96,990.5,5.3,Clear sky
2026-02-19 02:00:00,13.5,96,990.4,3.0,Clear sky
2026-02-19 03:00:00,13.4,95,990.3,2.3,Clear sky
2026-02-19 04:00:00,12.9,96,990.2,2.7,Clear sky
2026-02-19 05:00:00,13.3,93,990.1,9.4,Clear sky
2026-02-19 06:00:00,13.1,92,990.7,5.6,Clear sky
2026-02-19 07:00:00,13.4,89,991.2,2.7,Clear sky
2026-02-19 08:00:00,15.6,86,992.1,2.2,Clear sky
2026-02-19 09:00:00,18.5,80,992.7,1.8,Clear sky
2026-02-19 10:00:00,21.4,66,993.2,1.7,Clear sky
2026-02-19 11:00:00,23.5,52,993.1,2.0,Clear sky
2026-02-19 12:00:00,24.8,45,992.4,2.2,Clear sky
2026-02-19 13:00:00,24.5,46,991.7,5.4,Partly cloudy
2026-02-19 14:00:00,25.0,45,990.8,3.8,Partly cloudy
2026-02-19 15:00:00,24.7,46,990.5,5.2,Drizzle
2026-02-19 16:00:00,24.2,48,990.5,3.6,Partly cloudy
2026-02-19 17:00:00,23.6,57,990.3,6.7,Clear sky
2026-02-19 18:00:00,21.3,70,990.6,5.7,Clear sky
2026-02-19 19:00:00,19.9,77,991.3,5.5,Clear sky
2026-02-19 20:00:00,18.9,81,991.9,6.1,Clear sky
2026-02-19 21:00:00,17.8,84,992.4,2.7,Clear sky
2026-02-19 22:00:00,16.9,86,992.2,4.6,Clear sky
2026-02-19 23:00:00,16.5,89,992.5,5.2,Clear sky
2026-02-20 00:00:00,16.5,87,992.6,5.3,Clear sky
2026-02-20 01:00:00,15.9,89,992.7,4.9,Clear sky
2026-02-20 02:00:00,15.2,91,992.2,4.8,Clear sky
2026-02-20 03:00:00,14.7,92,992.0,4.7,Clear sky
2026-02-20 04:00:00,14.1,93,991.8,4.7,Clear sky
2026-02-20 05:00:00,13.5,97,991.9,5.3,Clear sky
2026-02-20 06:00:00,13.9,95,992.4,5.4,Clear sky
2026-02-20 07:00:00,13.9,95,993.1,5.6,Clear sky
2026-02-20 08:00:00,15.9,88,994.2,3.8,Clear sky
2026-02-20 09:00:00,18.9,77,995.1,1.5,Clear sky
2026-02-20 10:00:00,22.0,64,995.6,1.9,Clear sky
2026-02-20 11:00:00,24.5,53,995.2,4.8,Clear sky
2026-02-20 12:00:00,25.6,48,994.5,6.1,Clear sky
2026-02-20 13:00:00,26.2,44,993.5,7.8,Clear sky
2026-02-20 14:00:00,26.4,42,992.5,8.9,Clear sky
2026-02-20 15:00:00,26.2,42,991.7,9.1,Clear sky
2026-02-20 16:00:00,25.6,45,991.3,8.8,Clear sky
2026-02-20 17:00:00,24.4,53,990.6,7.8,Clear sky
2026-02-20 18:00:00,21.5,69,990.5,5.2,Clear sky
2026-02-20 19:00:00,19.9,76,990.9,4.9,Clear sky
2026-02-20 20:00:00,18.8,78,990.9,5.4,Clear sky
2026-02-20 21:00:00,17.9,78,990.7,5.2,Clear sky
2026-02-20 22:00:00,17.0,79,990.2,5.3,Clear sky
2026-02-20 23:00:00,16.8,79,990.2,6.6,Clear sky
2026-02-21 00:00:00,16.5,78,990.0,6.7,Clear sky
2026-02-21 01:00:00,16.0,79,989.7,6.2,Clear sky
2026-02-21 02:00:00,15.1,82,989.0,5.5,Clear sky
2026-02-21 03:00:00,14.4,85,988.6,5.1,Clear sky
2026-02-21 04:00:00,13.9,87,988.5,5.3,Clear sky
2026-02-21 05:00:00,13.8,92,988.1,7.3,Clear sky
2026-02-21 06:00:00,13.7,92,988.3,5.9,Clear sky
2026-02-21 07:00:00,13.8,92,988.9,6.1,Clear sky
2026-02-21 08:00:00,15.6,86,989.6,6.3,Clear sky
2026-02-21 09:00:00,18.7,75,990.3,5.4,Clear sky
2026-02-21 10:00:00,21.8,64,990.5,6.5,Clear sky
2026-02-21 11:00:00,24.0,58,990.4,8.2,Clear sky
2026-02-21 12:00:00,25.2,52,989.6,9.7,Clear sky
2026-02-21 13:00:00,26.0,48,988.6,10.4,Clear sky
2026-02-21 14:00:00,26.2,46,987.2,10.2,Clear sky
2026-02-21 15:00:00,26.2,45,986.5,10.5,Clear sky
2026-02-21 16:00:00,25.7,45,985.6,10.3,Clear sky
2026-02-21 17:00:00,24.6,49,985.2,8.2,Clear sky
2026-02-21 18:00:00,21.5,67,985.2,5.3,Clear sky
2026-02-21 19:00:00,20.2,74,985.4,4.9,Clear sky
2026-02-21 20:00:00,19.5,75,985.2,2.3,Clear sky
2026-02-21 21:00:00,19.0,75,985.3,2.5,Clear sky
2026-02-21 22:00:00,18.2,76,984.9,2.9,Clear sky
2026-02-21 23:00:00,17.0,80,985.0,6.0,Clear sky
2026-02-22 00:00:00,16.1,81,984.7,5.6,Clear sky
2026-02-22 01:00:00,15.4,83,984.3,5.5,Clear sky
2026-02-22 02:00:00,14.7,85,983.8,3.9,Clear sky
2026-02-22 03:00:00,13.9,87,983.3,2.8,Clear sky
2026-02-22 04:00:00,13.1,91,983.3,4.5,Clear sky
2026-02-22 05:00:00,12.6,95,983.4,4.6,Clear sky
2026-02-22 06:00:00,12.5,95,983.9,4.1,Clear sky
2026-02-22 07:00:00,13.0,94,984.4,4.3,Clear sky
2026-02-22 08:00:00,15.9,82,985.3,4.5,Clear sky
2026-02-22 09:00:00,20.0,67,985.9,3.7,Clear sky
2026-02-22 10:00:00,23.5,52,986.5,5.1,Clear sky
2026-02-22 11:00:00,25.8,41,986.2,6.9,Clear sky
2026-02-22 12:00:00,26.8,34,985.7,7.4,Clear sky
2026-02-22 13:00:00,27.2,32,985.1,8.1,Clear sky
2026-02-22 14:00:00,27.4,31,984.1,9.0,Clear sky
2026-02-22 15:00:00,27.2,30,983.7,9.6,Clear sky
2026-02-22 16:00:00,26.5,32,983.4,9.6,Clear sky
2026-02-22 17:00:00,25.2,44,983.1,6.2,Clear sky
2026-02-22 18:00:00,22.9,58,983.0,2.1,Clear sky
2026-02-22 19:00:00,21.4,65,983.7,3.3,Clear sky
2026-02-22 20:00:00,19.8,73,984.1,5.4,Clear sky
2026-02-22 21:00:00,18.9,75,984.1,5.4,Clear sky
2026-02-22 22:00:00,18.5,75,984.1,6.0,Clear sky
2026-02-22 23:00:00,17.8,79,983.8,1.3,Clear sky
2026-02-23 00:00:00,17.2,81,983.3,2.1,Clear sky
2026-02-23 01:00:00,16.6,83,983.1,2.4,Clear sky
2026-02-23 02:00:00,16.4,84,982.8,1.0,Clear sky
2026-02-23 03:00:00,15.4,88,982.6,1.1,Clear sky
2026-02-23 04:00:00,14.2,91,982.4,2.6,Clear sky
2026-02-23 05:00:00,13.6,92,982.6,3.0,Clear sky
2026-02-23 06:00:00,13.4,92,983.1,4.1,Clear sky
2026-02-23 07:00:00,14.1,89,984.1,5.5,Clear sky
2026-02-23 08:00:00,16.5,79,985.2,3.8,Clear sky
2026-02-23 09:00:00,20.2,65,986.2,0.2,Clear sky
2026-02-23 10:00:00,23.5,51,986.7,1.5,Clear sky
2026-02-23 11:00:00,25.8,40,986.8,5.1,Clear sky
2026-02-23 12:00:00,27.2,34,986.1,5.8,Clear sky
2026-02-23 13:00:00,28.0,29,985.3,6.8,Clear sky
2026-02-23 14:00:00,28.2,27,984.5,8.1,Clear sky
2026-02-23 15:00:00,28.0,27,984.2,9.3,Clear sky
2026-02-23 16:00:00,27.4,29,983.7,8.8,Clear sky
2026-02-23 17:00:00,25.9,41,983.6,6.4,Clear sky
2026-02-23 18:00:00,22.8,59,983.6,4.4,Clear sky
2026-02-23 19:00:00,21.2,64,984.1,5.6,Clear sky
2026-02-23 20:00:00,20.2,69,984.8,6.2,Clear sky
2026-02-23 21:00:00,19.1,74,985.3,3.8,Clear sky
2026-02-23 22:00:00,18.8,73,985.4,1.6,Clear sky
2026-02-23 23:00:00,17.5,79,985.3,1.6,Clear sky
2026-02-24 00:00:00,16.9,80,985.1,1.7,Clear sky
2026-02-24 01:00:00,16.1,82,985.0,1.3,Clear sky
2026-02-24 02:00:00,15.4,84,984.3,2.1,Clear sky
2026-02-24 03:00:00,14.7,85,984.3,4.0,Clear sky
2026-02-24 04:00:00,14.1,85,984.1,4.3,Clear sky
2026-02-24 05:00:00,13.9,88,984.3,5.6,Clear sky
2026-02-24 06:00:00,14.0,88,984.8,3.6,Clear sky
2026-02-24 07:00:00,14.2,89,986.0,0.7,Clear sky
2026-02-24 08:00:00,16.9,77,987.2,0.9,Clear sky
2026-02-24 09:00:00,20.9,62,988.1,1.3,Clear sky
2026-02-24 10:00:00,23.9,50,988.6,3.1,Clear sky
2026-02-24 11:00:00,25.6,42,988.5,5.8,Clear sky
2026-02-24 12:00:00,27.0,36,988.4,6.2,Clear sky
2026-02-24 13:00:00,27.6,35,987.5,7.8,Clear sky
2026-02-24 14:00:00,27.8,34,986.7,8.9,Clear sky
2026-02-24 15:00:00,27.8,32,986.4,9.9,Clear sky
2026-02-24 16:00:00,27.3,31,986.1,9.7,Clear sky
2026-02-24 17:00:00,25.8,41,985.8,6.8,Clear sky
2026-02-24 18:00:00,23.6,52,986.1,5.5,Clear sky
2026-02-24 19:00:00,22.4,56,986.6,6.9,Clear sky
2026-02-24 20:00:00,21.4,58,987.0,7.3,Clear sky
2026-02-24 21:00:00,20.2,63,987.3,5.5,Clear sky
2026-02-24 22:00:00,19.4,66,987.1,5.6,Clear sky
2026-02-24 23:00:00,18.4,75,987.1,3.3,Clear sky
2026-02-25 00:00:00,17.7,77,986.8,1.1,Clear sky
2026-02-25 01:00:00,16.6,81,986.7,4.4,Clear sky
2026-02-25 02:00:00,15.2,83,986.6,6.5,Clear sky
2026-02-25 03:00:00,14.4,81,986.4,4.3,Clear sky
2026-02-25 04:00:00,13.9,82,986.1,1.9,Clear sky
2026-02-25 05:00:00,13.0,87,986.5,4.4,Clear sky
2026-02-25 06:00:00,13.3,87,987.0,4.7,Clear sky
2026-02-25 07:00:00,13.8,86,987.6,4.9,Clear sky
2026-02-25 08:00:00,16.4,74,988.6,4.0,Clear sky
2026-02-25 09:00:00,20.1,60,989.6,3.3,Clear sky
2026-02-25 10:00:00,23.8,45,990.0,4.9,Clear sky
2026-02-25 11:00:00,26.6,31,989.5,7.6,Clear sky
2026-02-25 12:00:00,27.8,25,988.7,8.8,Clear sky
2026-02-25 13:00:00,28.3,22,988.1,10.9,Clear sky
2026-02-25 14:00:00,28.2,23,987.2,11.3,Clear sky
2026-02-25 15:00:00,28.0,24,986.8,10.6,Clear sky
2026-02-25 16:00:00,27.6,22,986.5,9.2,Clear sky
2026-02-25 17:00:00,26.0,30,986.1,9.6,Clear sky
2026-02-25 18:00:00,23.5,37,986.2,6.9,Clear sky
2026-02-25 19:00:00,21.5,51,986.5,4.7,Clear sky
2026-02-25 20:00:00,20.2,56,986.9,2.2,Clear sky
2026-02-25 21:00:00,19.6,57,987.1,1.2,Clear sky
2026-02-25 22:00:00,18.5,63,987.1,3.1,Clear sky
2026-02-25 23:00:00,18.6,65,987.2,10.2,Clear sky
2026-02-26 00:00:00,17.4,69,987.2,3.5,Clear sky
2026-02-26 01:00:00,16.3,72,987.1,1.7,Clear sky
2026-02-26 02:00:00,15.2,77,986.4,3.3,Clear sky
2026-02-26 03:00:00,14.2,80,985.9,4.8,Clear sky
2026-02-26 04:00:00,13.7,81,985.5,5.3,Clear sky
2026-02-26 05:00:00,13.8,85,985.3,5.4,Clear sky
2026-02-26 06:00:00,13.6,86,985.5,4.5,Clear sky
2026-02-26 07:00:00,14.1,83,986.0,6.4,Clear sky
2026-02-26 08:00:00,16.8,72,986.7,6.3,Clear sky
2026-02-26 09:00:00,20.2,61,987.2,4.8,Clear sky
2026-02-26 10:00:00,23.5,52,987.2,6.5,Clear sky
2026-02-26 11:00:00,26.2,44,986.7,9.0,Clear sky
2026-02-26 12:00:00,27.6,33,986.0,11.6,Clear sky
2026-02-26 13:00:00,28.3,27,985.2,13.6,Clear sky
2026-02-26 14:00:00,28.4,26,984.3,14.3,Clear sky
2026-02-26 15:00:00,28.1,27,983.7,14.4,Clear sky
2026-02-26 16:00:00,27.6,28,983.2,12.6,Clear sky
2026-02-26 17:00:00,26.7,33,982.7,10.7,Clear sky
2026-02-26 18:00:00,23.8,46,982.4,6.3,Clear sky
2026-02-26 19:00:00,22.0,58,982.7,4.0,Clear sky
2026-02-26 20:00:00,20.9,61,983.2,4.5,Clear sky
2026-02-26 21:00:00,19.6,62,983.5,6.1,Clear sky
2026-02-26 22:00:00,19.2,58,983.5,6.6,Clear sky
2026-02-26 23:00:00,19.5,55,983.3,9.2,Clear sky
2026-02-27 00:00:00,17.5,66,982.9,5.8,Clear sky
2026-02-27 01:00:00,17.1,66,982.9,1.9,Clear sky
2026-02-27 02:00:00,15.9,72,982.4,3.8,Clear sky
2026-02-27 03:00:00,15.2,75,982.2,3.7,Clear sky
2026-02-27 04:00:00,14.6,76,981.7,2.8,Clear sky
2026-02-27 05:00:00,13.9,87,981.8,4.9,Clear sky
2026-02-27 06:00:00,14.4,84,982.2,6.1,Clear sky
2026-02-27 07:00:00,15.1,79,983.1,6.7,Clear sky
2026-02-27 08:00:00,17.7,68,984.1,6.5,Clear sky
2026-02-27 09:00:00,21.2,56,985.0,3.5,Clear sky
2026-02-27 10:00:00,24.6,45,985.1,3.8,Clear sky
2026-02-27 11:00:00,27.3,36,985.0,5.1,Clear sky
2026-02-27 12:00:00,28.6,30,984.4,6.0,Clear sky
2026-02-27 13:00:00,29.2,27,983.5,7.9,Clear sky
2026-02-27 14:00:00,29.2,28,982.4,9.5,Clear sky
2026-02-27 15:00:00,29.0,28,982.0,9.6,Clear sky
2026-02-27 16:00:00,28.5,30,981.7,8.5,Clear sky
2026-02-27 17:00:00,27.9,31,981.2,6.1,Clear sky
2026-02-27 18:00:00,24.9,51,981.0,1.7,Clear sky
2026-02-27 19:00:00,23.5,50,981.3,5.4,Clear sky
2026-02-27 20:00:00,22.1,57,981.5,2.3,Clear sky
2026-02-27 21:00:00,21.2,57,981.9,3.7,Clear sky
2026-02-27 22:00:00,21.8,52,981.8,1.8,Clear sky
2026-02-27 23:00:00,21.4,55,981.9,0.8,Partly cloudy
2026-02-28 00:00:00,21.0,58,981.6,5.2,Partly cloudy
2026-02-28 01:00:00,20.7,61,981.6,6.8,Partly cloudy
2026-02-28 02:00:00,19.9,70,981.3,0.5,Partly cloudy
2026-02-28 03:00:00,19.5,71,981.1,0.9,Partly cloudy
2026-02-28 04:00:00,18.8,74,980.9,0.7,Clear sky
2026-02-28 05:00:00,19.1,70,981.1,5.7,Partly cloudy
2026-02-28 06:00:00,19.0,75,981.3,4.1,Clear sky
2026-02-28 07:00:00,18.8,75,981.6,2.1,Clear sky
2026-02-28 08:00:00,21.0,64,982.7,3.6,Clear sky
2026-02-28 09:00:00,24.0,52,983.7,1.5,Clear sky
2026-02-28 10:00:00,26.6,41,984.0,4.1,Clear sky
2026-02-28 11:00:00,28.9,32,984.0,7.0,Clear sky
2026-02-28 12:00:00,30.1,24,983.5,8.8,Clear sky
2026-02-28 13:00:00,30.5,23,982.6,10.0,Clear sky
2026-02-28 14:00:00,30.5,23,981.6,12.0,Clear sky
2026-02-28 15:00:00,30.1,25,981.5,12.8,Clear sky
2026-02-28 16:00:00,29.2,27,981.2,12.1,Clear sky
2026-02-28 17:00:00,28.2,34,981.1,10.3,Clear sky
2026-02-28 18:00:00,25.7,48,981.3,6.4,Clear sky
2026-02-28 19:00:00,23.7,58,982.0,4.6,Clear sky
2026-02-28 20:00:00,22.2,62,982.3,4.6,Clear sky
2026-02-28 21:00:00,21.5,61,982.8,4.9,Clear sky
2026-02-28 22:00:00,21.0,59,983.1,6.4,Clear sky
2026-02-28 23:00:00,20.4,63,983.1,9.0,Clear sky
2026-03-01 00:00:00,19.0,67,982.9,5.6,Clear sky
2026-03-01 01:00:00,17.4,73,982.8,4.3,Clear sky
2026-03-01 02:00:00,16.6,76,982.4,4.9,Clear sky
2026-03-01 03:00:00,15.7,80,982.0,4.7,Clear sky
2026-03-01 04:00:00,15.4,82,981.8,5.6,Clear sky
2026-03-01 05:00:00,15.9,83,981.9,8.3,Clear sky
2026-03-01 06:00:00,15.7,82,982.4,6.7,Clear sky
2026-03-01 07:00:00,16.0,79,983.0,7.6,Clear sky
2026-03-01 08:00:00,18.4,70,984.1,6.7,Clear sky
2026-03-01 09:00:00,21.9,60,985.1,5.6,Clear sky
2026-03-01 10:00:00,25.0,50,985.3,7.7,Clear sky
2026-03-01 11:00:00,27.9,37,985.2,10.8,Clear sky
2026-03-01 12:00:00,29.3,29,984.9,13.5,Clear sky
2026-03-01 13:00:00,29.5,30,984.2,15.0,Clear sky
2026-03-01 14:00:00,29.7,28,983.6,15.8,Clear sky
2026-03-01 15:00:00,29.6,27,983.2,15.8,Clear sky
2026-03-01 16:00:00,29.0,29,983.1,14.3,Clear sky
2026-03-01 17:00:00,27.5,34,982.9,11.6,Clear sky
2026-03-01 18:00:00,25.5,41,982.8,9.3,Clear sky
2026-03-01 19:00:00,24.0,45,983.4,9.6,Clear sky
2026-03-01 20:00:00,22.9,47,984.1,10.2,Clear sky
2026-03-01 21:00:00,21.6,50,984.8,9.8,Clear sky
2026-03-01 22:00:00,20.7,51,985.0,10.4,Clear sky
2026-03-01 23:00:00,20.0,56,985.1,10.5,Clear sky
2026-03-02 00:00:00,19.3,56,984.8,7.3,Clear sky
2026-03-02 01:00:00,17.9,61,984.8,4.7,Clear sky
2026-03-02 02:00:00,17.0,65,984.1,4.5,Clear sky
2026-03-02 03:00:00,16.4,68,983.8,6.9,Clear sky
2026-03-02 04:00:00,15.9,71,983.7,7.0,Clear sky
2026-03-02 05:00:00,16.0,78,983.9,7.4,Clear sky
2026-03-02 06:00:00,15.8,79,984.8,7.2,Clear sky
2026-03-02 07:00:00,15.8,78,985.5,8.3,Clear sky
2026-03-02 08:00:00,18.0,69,986.2,7.5,Clear sky
2026-03-02 09:00:00,21.5,57,987.2,7.1,Clear sky
2026-03-02 10:00:00,24.8,48,987.6,8.3,Clear sky
2026-03-02 11:00:00,27.4,40,987.7,12.0,Clear sky
2026-03-02 12:00:00,29.0,33,987.5,14.2,Clear sky
2026-03-02 13:00:00,29.6,31,986.7,15.5,Clear sky
2026-03-02 14:00:00,29.9,27,986.3,15.9,Clear sky
2026-03-02 15:00:00,29.5,27,985.7,16.0,Clear sky
2026-03-02 16:00:00,28.7,32,985.4,14.7,Clear sky
2026-03-02 17:00:00,27.5,36,985.1,12.1,Clear sky
2026-03-02 18:00:00,25.6,45,985.1,8.6,Clear sky
2026-03-02 19:00:00,24.0,52,985.7,10.3,Clear sky
2026-03-02 20:00:00,22.7,51,986.2,9.6,Clear sky
2026-03-02 21:00:00,21.8,51,986.7,10.4,Clear sky
2026-03-02 22:00:00,21.2,48,986.9,11.6,Clear sky
2026-03-02 23:00:00,20.6,52,986.9,11.9,Clear sky
2026-03-03 00:00:00,20.2,52,986.5,12.1,Clear sky
2026-03-03 01:00:00,20.0,53,986.2,12.8,Clear sky
2026-03-03 02:00:00,19.3,56,985.8,11.4,Clear sky
2026-03-03 03:00:00,18.4,60,985.1,10.7,Clear sky
2026-03-03 04:00:00,17.5,63,984.6,9.9,Clear sky
2026-03-03 05:00:00,17.0,69,984.9,11.5,Clear sky
2026-03-03 06:00:00,16.5,71,985.3,10.2,Clear sky
2026-03-03 07:00:00,16.6,70,985.9,10.9,Clear sky
2026-03-03 08:00:00,18.7,63,986.7,9.4,Clear sky
2026-03-03 09:00:00,21.9,53,987.5,9.6,Clear sky
2026-03-03 10:00:00,24.8,47,987.9,11.9,Clear sky
2026-03-03 11:00:00,27.5,41,987.8,14.1,Clear sky
2026-03-03 12:00:00,29.2,35,987.5,16.3,Clear sky
2026-03-03 13:00:00,30.1,32,986.7,17.8,Clear sky
2026-03-03 14:00:00,30.5,30,985.8,17.6,Clear sky
2026-03-03 15:00:00,30.2,33,985.4,16.3,Clear sky
2026-03-03 16:00:00,29.8,34,985.0,14.6,Clear sky
2026-03-03 17:00:00,28.6,36,984.9,12.1,Clear sky
2026-03-03 18:00:00,26.5,42,985.3,10.1,Clear sky
2026-03-03 19:00:00,25.0,45,985.7,11.7,Clear sky
2026-03-03 20:00:00,24.0,45,986.4,12.5,Clear sky
2026-03-03 21:00:00,23.2,43,986.9,12.1,Clear sky
2026-03-03 22:00:00,22.5,43,987.1,11.7,Clear sky
2026-03-03 23:00:00,22.0,46,987.2,12.0,Clear sky
