Datetime,Date,time_ist,temp_c,humidity,pressure_mb,windspeed_kph,condition_text,aqi_index,pm2_5,pm10,co,no2,temp_c_api,humidity_api,pressure_api,windspeed_kph_api,condition_text_api,pm2_5_govt,pm10_govt,no2_govt,co_govt
2026-01-02 00:00:00,01-02-2026,00:00:00,10.1,96.0,988.8,6.0,Clear sky,216.0,179.7,185.3,2027.0,77.6,13.9,90.0,992.2,5.8,Partly cloudy,185.0,244.5,17.825,0.866666667
2026-01-02 01:00:00,01-02-2026,01:00:00,9.4,96.0,988.5,4.6,Clear sky,215.0,176.5,182.5,1905.0,64.3,13.4,89.0,992.6,5.0,Partly cloudy,184.5,239.25,14.475,0.775
2026-01-02 02:00:00,,,,,,,,,,,,,13.4,88.0,991.8,7.5,Partly cloudy,172.75,225.75,15.4,
2026-01-02 03:00:00,,,,,,,,,,,,,12.7,91.0,992.6,6.3,Drizzle,172.75,229.0,16.925,
2026-01-02 04:00:00,,,,,,,,,,,,,12.1,93.0,992.1,9.0,Partly cloudy,182.5,258.25,15.275,
2026-01-02 05:00:00,,,,,,,,,,,,,13.1,93.0,992.1,8.3,Partly cloudy,177.0,254.25,14.425,0.6
2026-01-02 06:00:00,,,,,,,,,,,,,12.4,95.0,992.2,5.0,Clear sky,178.0,255.75,13.8,0.7
2026-01-02 07:00:00,,,,,,,,,,,,,12.4,95.0,992.8,6.7,Partly cloudy,183.5,264.25,12.1,0.7
2026-01-02 08:00:00,,,,,,,,,,,,,13.8,94.0,993.7,7.8,Partly cloudy,161.0,226.25,11.625,0.75
2026-01-02 09:00:00,,,,,,,,,,,,,15.7,87.0,994.3,5.4,Clear sky,154.25,222.0,13.125,0.866666667
2026-01-02 10:00:00,01-02-2026,10:00:00,12.2,90.0,992.0,9.6,Mainly clear,217.0,178.8,184.9,1617.0,36.5,17.7,80.0,994.6,4.8,Clear sky,163.75,236.25,14.45,0.9
2026-01-02 11:00:00,01-02-2026,11:00:00,14.4,82.0,991.4,6.3,Clear sky,217.0,160.7,168.1,1549.0,29.7,18.6,71.0,994.9,8.9,Clear sky,176.5,252.25,16.6,1.0
2026-01-02 12:00:00,01-02-2026,12:00:00,16.0,77.0,990.3,5.9,Clear sky,218.0,136.9,144.8,1502.0,23.4,19.9,65.0,994.3,7.4,Partly cloudy,192.5,283.5,17.15,1.0
2026-01-02 13:00:00,01-02-2026,13:00:00,17.2,74.0,989.3,5.6,Clear sky,220.0,120.6,128.5,1470.0,18.2,20.5,64.0,993.3,6.8,Clear sky,203.25,299.5,17.2,0.85
2026-01-02 14:00:00,,,,,,,,,,,,,21.1,64.0,992.5,5.4,Clear sky,209.0,308.0,14.675,0.75
2026-01-02 15:00:00,01-02-2026,15:00:00,18.2,72.0,988.2,6.3,Clear sky,223.0,112.2,119.0,1609.0,26.4,21.5,62.0,992.3,5.5,Partly cloudy,190.5,273.75,12.55,0.675
2026-01-02 16:00:00,01-02-2026,16:00:00,17.8,75.0,987.8,6.7,Clear sky,225.0,115.3,120.6,1780.0,39.8,21.1,64.0,992.3,5.1,Partly cloudy,164.25,228.5,11.975,0.5
2026-01-02 17:00:00,01-02-2026,17:00:00,16.2,81.0,987.5,6.6,Clear sky,227.0,116.2,120.1,1902.0,44.5,20.0,74.0,991.9,4.6,Clear sky,150.25,201.0,14.125,0.55
2026-01-02 18:00:00,,,,,,,,,,,,,18.4,81.0,992.2,5.7,Clear sky,188.0,288.0,21.75,0.6
2026-01-02 19:00:00,01-02-2026,19:00:00,13.6,88.0,989.0,8.4,Clear sky,221.0,135.0,138.3,1907.0,50.0,17.0,86.0,992.4,4.1,Clear sky,246.5,407.75,26.075,0.7
2026-01-02 20:00:00,01-02-2026,20:00:00,13.1,90.0,989.8,7.1,Clear sky,218.0,137.4,140.2,1876.0,51.1,16.2,88.0,992.9,2.7,Clear sky,250.75,412.25,24.6,0.6
2026-01-02 21:00:00,01-02-2026,21:00:00,12.1,92.0,990.1,5.0,Clear sky,215.0,138.3,141.1,1846.0,48.6,15.2,92.0,993.4,2.3,Clear sky,249.0,392.0,22.65,0.6
2026-01-02 22:00:00,01-02-2026,22:00:00,11.8,93.0,990.3,5.2,Clear sky,212.0,141.1,143.9,1807.0,44.1,14.2,95.0,993.7,4.6,Clear sky,247.25,362.5,25.25,0.6
2026-01-02 23:00:00,01-02-2026,23:00:00,11.6,93.0,990.1,5.4,Clear sky,210.0,143.9,146.7,1762.0,39.5,14.1,99.0,994.0,0.5,Clear sky,247.5,344.5,27.925,0.5
2026-01-03 00:00:00,01-03-2026,00:00:00,9.9,90.0,993.8,3.1,Clear sky,198.0,305.5,307.3,5774.0,147.6,19.0,67.0,982.9,5.6,Clear sky,228.75,300.25,27.125,0.5
2026-01-03 01:00:00,01-03-2026,01:00:00,9.6,91.0,993.5,2.2,Clear sky,206.0,299.0,300.8,5182.0,139.5,17.4,73.0,982.8,4.3,Clear sky,205.5,264.75,22.1,0.5
2026-01-03 02:00:00,01-03-2026,02:00:00,9.0,93.0,993.3,2.1,Clear sky,214.0,292.4,293.4,4670.0,133.2,16.6,76.0,982.4,4.9,Clear sky,211.25,274.25,14.9,0.4
2026-01-03 03:00:00,,,,,,,,,,,,,15.7,80.0,982.0,4.7,Clear sky,212.75,273.75,16.275,0.5
2026-01-03 04:00:00,,,,,,,,,,,,,15.4,82.0,981.8,5.6,Clear sky,206.5,263.5,18.05,0.4
2026-01-03 05:00:00,,,,,,,,,,,,,15.9,83.0,981.9,8.3,Clear sky,209.25,273.75,16.5,0.4
2026-01-03 06:00:00,,,,,,,,,,,,,15.7,82.0,982.4,6.7,Clear sky,211.5,284.0,15.575,0.433333333
2026-01-03 07:00:00,,,,,,,,,,,,,16.0,79.0,983.0,7.6,Clear sky,215.0,300.25,15.725,0.6
2026-01-03 08:00:00,,,,,,,,,,,,,18.4,70.0,984.1,6.7,Clear sky,233.0,325.0,16.175,0.6
2026-01-03 09:00:00,,,,,,,,,,,,,21.9,60.0,985.1,5.6,Clear sky,206.0,295.0,15.3,0.6
2026-01-03 10:00:00,,,,,,,,,,,,,25.0,50.0,985.3,7.7,Clear sky,183.5,260.5,14.2,0.6
2026-01-03 11:00:00,01-03-2026,11:00:00,15.4,79.0,996.9,3.9,Clear sky,270.0,189.1,190.5,1705.0,32.2,27.9,37.0,985.2,10.8,Clear sky,188.25,257.0,14.4,0.6
2026-01-03 12:00:00,01-03-2026,12:00:00,17.0,70.0,995.9,4.5,Clear sky,274.0,149.0,150.9,1482.0,22.9,29.3,29.0,984.9,13.5,Clear sky,152.5,223.75,12.6,1.0
2026-01-03 13:00:00,01-03-2026,13:00:00,17.8,64.0,994.7,4.5,Clear sky,277.0,122.9,125.3,1296.0,15.9,29.5,30.0,984.2,15.0,Clear sky,121.5,195.25,10.8,0.866666667
2026-01-03 14:00:00,01-03-2026,14:00:00,18.1,62.0,993.9,4.7,Clear sky,279.0,107.6,110.1,1237.0,17.0,29.7,28.0,983.6,15.8,Clear sky,114.5,191.75,11.4,0.8
2026-01-03 15:00:00,01-03-2026,15:00:00,18.0,61.0,993.4,5.1,Clear sky,281.0,102.2,105.0,1382.0,32.6,29.6,27.0,983.2,15.8,Clear sky,118.75,185.75,10.15,0.8
2026-01-03 16:00:00,01-03-2026,16:00:00,17.4,65.0,993.2,4.9,Clear sky,283.0,113.9,115.9,1654.0,56.3,29.0,29.0,983.1,14.3,Clear sky,127.5,183.5,10.05,0.825
2026-01-03 17:00:00,01-03-2026,17:00:00,15.4,73.0,992.8,5.2,Clear sky,285.0,211.4,215.1,1917.0,77.4,27.5,34.0,982.9,11.6,Clear sky,134.75,215.5,21.35,1.125
2026-01-03 18:00:00,01-03-2026,18:00:00,13.7,80.0,993.0,5.9,Clear sky,286.0,239.3,243.1,2174.0,86.6,25.5,41.0,982.8,9.3,Clear sky,167.0,288.25,36.425,1.5
2026-01-03 19:00:00,01-03-2026,19:00:00,13.0,83.0,993.4,6.1,Clear sky,286.0,254.3,257.0,2422.0,98.6,24.0,45.0,983.4,9.6,Clear sky,222.5,350.5,36.85,1.525
2026-01-03 20:00:00,,,,,,,,,,,,,22.9,47.0,984.1,10.2,Clear sky,262.25,383.5,31.325,1.4
2026-01-03 21:00:00,,,,,,,,,,,,,21.6,50.0,984.8,9.8,Clear sky,279.0,380.25,28.75,1.525
2026-01-03 22:00:00,,,,,,,,,,,,,20.7,51.0,985.0,10.4,Clear sky,245.25,345.5,27.475,1.475
2026-01-03 23:00:00,,,,,,,,,,,,,20.0,56.0,985.1,10.5,Clear sky,216.75,316.75,27.5,1.4
2026-02-02 00:00:00,02-02-2026,00:00:00,11.1,97.0,987.3,6.5,Clear sky,199.0,161.6,167.6,1735.0,51.3,13.4,100.0,994.0,3.2,Partly cloudy,120.25,136.25,54.8,1.796666667
2026-02-02 01:00:00,02-02-2026,01:00:00,10.1,98.0,986.9,5.3,Clear sky,198.0,160.7,166.7,1633.0,42.3,13.2,100.0,994.2,6.0,Partly cloudy,87.5,100.25,39.625,0.8575
2026-02-02 02:00:00,02-02-2026,02:00:00,9.9,98.0,986.8,4.4,Partly cloudy,198.0,162.1,169.0,1543.0,35.6,13.0,100.0,994.1,5.9,Partly cloudy,63.5,76.0,22.7,0.56
2026-02-02 03:00:00,02-02-2026,03:00:00,9.9,100.0,986.9,4.0,Overcast,198.0,165.3,172.3,1438.0,31.3,12.6,100.0,994.0,4.4,Partly cloudy,44.75,57.75,18.46666667,0.686666667
2026-02-02 04:00:00,02-02-2026,04:00:00,10.4,100.0,986.9,4.2,Overcast,199.0,168.1,175.6,1345.0,29.3,12.4,100.0,993.8,1.4,Partly cloudy,30.0,40.25,19.9,1.2325
2026-02-02 05:00:00,,,,,,,,,,,,,12.9,100.0,993.7,2.9,Partly cloudy,31.0,42.5,19.975,1.2125
2026-02-02 06:00:00,,,,,,,,,,,,,12.9,100.0,993.8,3.1,Partly cloudy,28.75,40.25,20.55,1.233333333
2026-02-02 07:00:00,,,,,,,,,,,,,12.9,100.0,994.3,3.8,Partly cloudy,43.25,50.0,29.975,0.855
2026-02-02 08:00:00,,,,,,,,,,,,,13.2,98.0,995.0,4.2,Partly cloudy,51.0,60.0,39.25,0.945
2026-02-02 09:00:00,,,,,,,,,,,,,13.7,97.0,995.6,6.6,Partly cloudy,46.75,63.25,42.5,0.88
2026-02-02 10:00:00,,,,,,,,,,,,,15.1,91.0,995.9,8.0,Partly cloudy,50.25,62.25,33.75,1.405
2026-02-02 11:00:00,,,,,,,,,,,,,16.2,87.0,995.7,9.5,Partly cloudy,46.5,62.0,30.775,1.6525
2026-02-02 12:00:00,02-02-2026,12:00:00,16.1,77.0,988.7,5.4,Clear sky,200.0,125.7,134.6,1402.0,14.8,18.0,79.0,994.9,9.4,Partly cloudy,52.25,77.75,23.95,1.583333333
2026-02-02 13:00:00,02-02-2026,13:00:00,17.5,72.0,987.7,5.5,Clear sky,202.0,108.5,116.9,1329.0,10.5,19.2,70.0,993.9,8.1,Partly cloudy,58.5,86.5,25.775,0.645
2026-02-02 14:00:00,02-02-2026,14:00:00,18.2,70.0,987.1,5.5,Clear sky,204.0,102.0,109.7,1326.0,10.8,20.0,65.0,993.1,7.4,Partly cloudy,68.0,111.25,25.675,0.68
2026-02-02 15:00:00,02-02-2026,15:00:00,18.4,69.0,986.7,6.7,Clear sky,206.0,98.5,105.5,1454.0,19.5,20.0,67.0,992.5,7.3,Partly cloudy,76.5,129.0,28.575,0.74
2026-02-02 16:00:00,02-02-2026,16:00:00,17.7,73.0,986.3,7.5,Clear sky,208.0,101.7,107.3,1653.0,32.8,19.6,69.0,992.3,6.9,Partly cloudy,85.0,136.25,32.975,0.7925
2026-02-02 17:00:00,02-02-2026,17:00:00,16.1,80.0,986.0,7.8,Clear sky,210.0,114.1,119.0,1801.0,37.5,17.6,78.0,992.3,6.0,Partly cloudy,88.5,143.75,41.65,0.9675
2026-02-02 18:00:00,02-02-2026,18:00:00,13.9,86.0,987.0,8.5,Clear sky,209.0,129.0,133.2,1851.0,39.8,16.1,84.0,992.3,5.9,Partly cloudy,96.0,164.5,52.675,1.383333333
2026-02-02 19:00:00,,,,,,,,,,,,,15.2,87.0,992.5,6.5,Partly cloudy,119.0,196.0,59.025,1.405
2026-02-02 20:00:00,,,,,,,,,,,,,14.2,89.0,992.8,6.1,Clear sky,135.5,204.25,55.95,1.4775
2026-02-02 21:00:00,02-02-2026,21:00:00,12.3,92.0,988.5,6.3,Clear sky,204.0,140.2,143.9,1764.0,41.8,13.6,91.0,993.1,6.0,Clear sky,140.75,202.75,55.975,1.595
2026-02-02 22:00:00,02-02-2026,22:00:00,11.6,94.0,988.6,5.1,Clear sky,202.0,143.4,147.1,1675.0,37.8,12.9,92.0,992.9,5.7,Clear sky,142.5,214.5,52.725,2.045
2026-02-02 23:00:00,02-02-2026,23:00:00,11.1,95.0,988.4,4.8,Clear sky,201.0,145.8,149.5,1606.0,33.7,12.8,94.0,993.0,5.7,Clear sky,139.0,235.0,50.375,2.145
2026-02-03 00:00:00,,,,,,,,,,,,,19.3,56.0,984.8,7.3,Clear sky,133.75,204.5,41.125,2.016666667
2026-02-03 01:00:00,,,,,,,,,,,,,17.9,61.0,984.8,4.7,Clear sky,135.75,183.5,31.5,1.9525
2026-02-03 02:00:00,,,,,,,,,,,,,17.0,65.0,984.1,4.5,Clear sky,142.0,184.0,23.7,1.32
2026-02-03 03:00:00,,,,,,,,,,,,,16.4,68.0,983.8,6.9,Clear sky,155.5,186.5,33.95,1.125
2026-02-03 04:00:00,,,,,,,,,,,,,15.9,71.0,983.7,7.0,Clear sky,123.75,139.5,30.3,0.8375
2026-02-03 05:00:00,,,,,,,,,,,,,16.0,78.0,983.9,7.4,Clear sky,89.25,102.75,30.75,0.7725
2026-02-03 06:00:00,,,,,,,,,,,,,15.8,79.0,984.8,7.2,Clear sky,64.5,72.75,29.3,1.146666667
2026-02-03 07:00:00,02-03-2026,07:00:00,7.2,100.0,993.3,5.6,Overcast,251.0,259.8,261.7,2668.0,71.8,15.8,78.0,985.5,8.3,Clear sky,52.75,59.5,28.4,0.8175
2026-02-03 08:00:00,02-03-2026,08:00:00,7.8,99.0,994.4,4.7,Overcast,256.0,265.4,266.4,2739.0,67.7,18.0,69.0,986.2,7.5,Clear sky,66.5,76.75,26.9,1.04
2026-02-03 09:00:00,02-03-2026,09:00:00,9.4,99.0,995.3,3.8,Overcast,260.0,245.9,246.8,2516.0,57.4,21.5,57.0,987.2,7.1,Clear sky,94.25,114.25,31.25,1.3625
2026-02-03 10:00:00,02-03-2026,10:00:00,11.7,92.0,995.9,3.5,Mainly clear,265.0,222.6,224.0,2157.0,43.7,24.8,48.0,987.6,8.3,Clear sky,101.0,139.0,35.26666667,1.086666667
2026-02-03 11:00:00,02-03-2026,11:00:00,14.4,81.0,995.1,3.6,Clear sky,270.0,189.1,190.5,1828.0,32.2,27.4,40.0,987.7,12.0,Clear sky,101.0,139.0,35.625,
2026-02-03 12:00:00,02-03-2026,12:00:00,16.2,73.0,994.0,4.5,Clear sky,274.0,149.0,150.9,1548.0,22.9,29.0,33.0,987.5,14.2,Clear sky,141.0,195.0,22.6,0.833333333
2026-02-03 13:00:00,02-03-2026,13:00:00,17.3,66.0,992.7,4.5,Clear sky,277.0,122.9,125.3,1298.0,15.9,29.6,31.0,986.7,15.5,Clear sky,144.5,194.5,19.65,1.28
2026-02-03 14:00:00,02-03-2026,14:00:00,17.9,62.0,992.0,4.9,Clear sky,279.0,107.6,110.1,1187.0,17.0,29.9,27.0,986.3,15.9,Clear sky,147.25,181.5,17.7,0.57
2026-02-03 15:00:00,02-03-2026,15:00:00,17.8,61.0,991.5,5.4,Clear sky,281.0,102.2,105.0,1309.0,32.6,29.5,27.0,985.7,16.0,Clear sky,115.25,141.5,19.775,0.77
2026-02-03 16:00:00,,,,,,,,,,,,,28.7,32.0,985.4,14.7,Clear sky,89.75,123.5,21.2,0.72
2026-02-03 17:00:00,02-03-2026,17:00:00,15.3,73.0,990.9,4.5,Clear sky,285.0,211.4,215.1,1796.0,77.4,27.5,36.0,985.1,12.1,Clear sky,94.0,125.5,28.3,0.8125
2026-02-03 18:00:00,02-03-2026,18:00:00,13.5,80.0,991.0,5.3,Clear sky,286.0,239.3,243.1,1935.0,86.6,25.6,45.0,985.1,8.6,Clear sky,100.0,153.75,34.825,0.906666667
2026-02-03 19:00:00,02-03-2026,19:00:00,12.6,84.0,991.4,5.2,Clear sky,286.0,254.3,257.0,2038.0,98.6,24.0,52.0,985.7,10.3,Clear sky,,179.75,37.65,1.185
2026-02-03 20:00:00,02-03-2026,20:00:00,11.6,89.0,991.8,4.9,Clear sky,286.0,261.7,264.5,2082.0,103.6,22.7,51.0,986.2,9.6,Clear sky,,180.0,36.65,1.3275
2026-02-03 21:00:00,02-03-2026,21:00:00,10.9,92.0,992.1,5.6,Clear sky,285.0,259.8,262.6,2057.0,95.7,21.8,51.0,986.7,10.4,Clear sky,,201.0,45.8,1.55
2026-02-03 22:00:00,,,,,,,,,,,,,21.2,48.0,986.9,11.6,Clear sky,,252.75,49.0,1.4675
2026-02-03 23:00:00,,,,,,,,,,,,,20.6,52.0,986.9,11.9,Clear sky,,233.0,42.75,1.145
2026-03-02 00:00:00,03-02-2026,00:00:00,10.2,97.0,991.7,2.2,Clear sky,208.0,142.5,145.3,1624.0,34.9,12.4,95.0,992.9,5.5,Clear sky,73.0,149.0,46.5,0.61
2026-03-02 01:00:00,03-02-2026,01:00:00,9.7,98.0,991.4,2.5,Clear sky,206.0,143.0,145.3,1724.0,30.2,11.1,96.0,992.8,5.5,Clear sky,97.33333333,159.5,35.6,0.4925
2026-03-02 02:00:00,03-02-2026,02:00:00,9.5,98.0,991.2,4.1,Clear sky,205.0,143.9,146.2,1762.0,27.3,10.8,95.0,992.6,3.7,Clear sky,98.66666667,151.0,22.2,0.32
2026-03-02 03:00:00,,,,,,,,,,,,,10.4,96.0,992.6,2.8,Clear sky,83.66666667,133.75,33.7,0.5175
2026-03-02 04:00:00,,,,,,,,,,,,,9.9,97.0,992.4,3.1,Clear sky,75.0,121.0,30.35,0.4975
2026-03-02 05:00:00,,,,,,,,,,,,,9.7,99.0,993.0,4.6,Partly cloudy,106.0,144.5,29.375,0.5725
2026-03-02 06:00:00,,,,,,,,,,,,,9.4,100.0,993.4,4.7,Partly cloudy,119.3333333,173.5,35.75,0.563333333
2026-03-02 07:00:00,,,,,,,,,,,,,9.4,99.0,994.2,5.2,Partly cloudy,88.0,142.0,43.125,0.7475
2026-03-02 08:00:00,,,,,,,,,,,,,10.5,98.0,995.5,3.0,Partly cloudy,93.66666667,184.0,46.875,0.7475
2026-03-02 09:00:00,,,,,,,,,,,,,11.9,98.0,996.4,2.6,Partly cloudy,99.0,203.25,40.625,0.785
2026-03-02 10:00:00,03-02-2026,10:00:00,13.4,91.0,995.0,1.2,Partly cloudy,194.0,143.9,145.3,1603.0,35.7,14.1,90.0,996.9,2.2,Partly cloudy,94.33333333,195.5,31.025,0.676666667
2026-03-02 11:00:00,03-02-2026,11:00:00,15.4,82.0,994.2,1.5,Mainly clear,194.0,123.9,126.7,1401.0,31.7,15.9,83.0,997.1,2.6,Clear sky,69.0,147.75,23.975,0.4925
2026-03-02 12:00:00,03-02-2026,12:00:00,16.5,78.0,993.3,2.6,Mainly clear,193.0,117.6,121.1,1212.0,27.9,17.9,74.0,996.5,3.6,Clear sky,47.0,102.0,20.525,0.41
2026-03-02 13:00:00,,,,,,,,,,,,,19.0,65.0,995.7,5.6,Clear sky,34.33333333,82.25,15.1,0.4
2026-03-02 14:00:00,03-02-2026,14:00:00,18.0,69.0,991.9,4.5,Clear sky,192.0,102.4,106.6,942.0,25.7,19.5,60.0,994.8,5.9,Clear sky,40.33333333,81.5,18.325,0.465
2026-03-02 15:00:00,03-02-2026,15:00:00,18.1,71.0,991.7,7.0,Clear sky,192.0,99.2,103.1,1019.0,36.1,19.6,58.0,994.5,4.2,Partly cloudy,48.33333333,90.0,16.925,0.455
2026-03-02 16:00:00,03-02-2026,16:00:00,17.5,75.0,991.5,8.2,Mainly clear,192.0,101.3,104.8,1194.0,51.2,19.4,59.0,994.3,3.8,Partly cloudy,35.0,75.5,18.775,0.485
2026-03-02 17:00:00,03-02-2026,17:00:00,16.2,80.0,991.5,8.0,Clear sky,191.0,152.7,157.4,1354.0,60.8,18.2,67.0,994.3,4.3,Partly cloudy,34.66666667,78.0,20.425,0.5125
2026-03-02 18:00:00,03-02-2026,18:00:00,14.3,85.0,992.5,6.8,Clear sky,192.0,163.9,167.6,1490.0,59.3,16.4,73.0,994.4,3.9,Partly cloudy,39.33333333,95.25,33.3,0.626666667
2026-03-02 19:00:00,03-02-2026,19:00:00,13.6,87.0,992.6,6.1,Clear sky,193.0,164.8,168.1,1612.0,57.1,15.6,75.0,994.9,3.2,Partly cloudy,58.33333333,178.25,78.125,1.98
2026-03-02 20:00:00,03-02-2026,20:00:00,13.5,87.0,993.1,7.1,Clear sky,193.0,163.4,166.7,1642.0,53.5,14.8,80.0,995.4,4.3,Partly cloudy,75.0,278.75,76.45,1.6925
2026-03-02 21:00:00,03-02-2026,21:00:00,13.1,88.0,993.5,8.0,Clear sky,194.0,160.7,163.4,1516.0,48.0,14.0,84.0,995.6,5.1,Partly cloudy,86.66666667,223.0,83.0,1.5975
2026-03-02 22:00:00,03-02-2026,22:00:00,12.5,91.0,993.6,8.9,Clear sky,195.0,158.8,161.1,1298.0,41.3,12.9,87.0,995.6,4.9,Clear sky,125.0,249.0,69.35,1.675
2026-03-02 23:00:00,,,,,,,,,,,,,12.2,91.0,995.8,3.9,Clear sky,155.0,282.0,60.03333333,1.946666667
2026-03-03 00:00:00,,,,,,,,,,,,,20.2,52.0,986.5,12.1,Clear sky,143.0,300.25,63.125,1.48
2026-03-03 01:00:00,,,,,,,,,,,,,20.0,53.0,986.2,12.8,Clear sky,124.3333333,275.5,62.325,1.685
2026-03-03 02:00:00,,,,,,,,,,,,,19.3,56.0,985.8,11.4,Clear sky,122.0,269.75,51.2,1.03
2026-03-03 03:00:00,,,,,,,,,,,,,18.4,60.0,985.1,10.7,Clear sky,112.3333333,187.75,48.5,1.245
2026-03-03 04:00:00,,,,,,,,,,,,,17.5,63.0,984.6,9.9,Clear sky,112.0,209.5,59.775,1.2925
2026-03-03 05:00:00,,,,,,,,,,,,,17.0,69.0,984.9,11.5,Clear sky,125.3333333,264.0,57.55,1.3175
2026-03-03 06:00:00,,,,,,,,,,,,,16.5,71.0,985.3,10.2,Clear sky,178.3333333,326.25,57.7,1.523333333
2026-03-03 07:00:00,,,,,,,,,,,,,16.6,70.0,985.9,10.9,Clear sky,216.6666667,410.25,57.325,2.4725
2026-03-03 08:00:00,03-03-2026,08:00:00,8.4,99.0,995.3,2.9,Overcast,277.0,275.7,276.6,3000.0,75.7,18.7,63.0,986.7,9.4,Clear sky,204.0,460.75,92.45,1.905
2026-03-03 09:00:00,03-03-2026,09:00:00,10.3,98.0,996.2,3.4,Overcast,282.0,269.2,270.1,2785.0,67.1,21.9,53.0,987.5,9.6,Clear sky,188.3333333,379.75,104.875,1.5825
2026-03-03 10:00:00,03-03-2026,10:00:00,12.8,89.0,996.7,2.9,Mainly clear,288.0,244.0,244.9,2395.0,57.0,24.8,47.0,987.9,11.9,Clear sky,142.6666667,291.75,79.15,1.145
2026-03-03 11:00:00,03-03-2026,11:00:00,14.9,81.0,995.9,4.2,Clear sky,294.0,217.5,218.9,2034.0,47.7,27.5,41.0,987.8,14.1,Clear sky,117.6666667,242.75,83.85,1.185
2026-03-03 12:00:00,03-03-2026,12:00:00,16.6,72.0,994.9,4.8,Clear sky,299.0,185.8,187.7,1731.0,37.4,29.2,35.0,987.5,16.3,Clear sky,113.0,259.0,71.6,0.936666667
2026-03-03 13:00:00,,,,,,,,,,,,,30.1,32.0,986.7,17.8,Clear sky,87.66666667,247.5,60.7,0.79
2026-03-03 14:00:00,03-03-2026,14:00:00,17.9,61.0,993.0,5.0,Clear sky,307.0,133.6,135.5,1325.0,27.3,30.5,30.0,985.8,17.6,Clear sky,90.66666667,241.25,56.075,0.895
2026-03-03 15:00:00,03-03-2026,15:00:00,17.9,59.0,992.4,5.2,Clear sky,310.0,124.8,127.1,1429.0,42.2,30.2,33.0,985.4,16.3,Clear sky,95.66666667,307.25,44.425,0.8075
2026-03-03 16:00:00,03-03-2026,16:00:00,17.2,63.0,992.1,4.2,Clear sky,312.0,139.2,141.1,1677.0,65.7,29.8,34.0,985.0,14.6,Clear sky,77.33333333,327.0,63.975,0.695
2026-03-03 17:00:00,03-03-2026,17:00:00,15.1,74.0,991.7,4.5,Clear sky,315.0,231.9,235.6,1908.0,86.3,28.6,36.0,984.9,12.1,Clear sky,61.0,297.75,76.9,0.6275
2026-03-03 18:00:00,03-03-2026,18:00:00,13.2,82.0,991.9,5.4,Clear sky,317.0,262.6,265.4,2101.0,95.8,26.5,42.0,985.3,10.1,Clear sky,47.66666667,242.75,69.625,0.633333333
2026-03-03 19:00:00,03-03-2026,19:00:00,12.3,86.0,992.3,5.4,Clear sky,318.0,282.2,285.0,2277.0,108.4,25.0,45.0,985.7,11.7,Clear sky,46.0,208.5,79.625,1.19
2026-03-03 20:00:00,,,,,,,,,,,,,24.0,45.0,986.4,12.5,Clear sky,64.33333333,227.25,94.425,1.5775
2026-03-03 21:00:00,03-03-2026,21:00:00,11.3,89.0,992.9,6.1,Clear sky,317.0,293.4,295.2,2204.0,109.6,23.2,43.0,986.9,12.1,Clear sky,82.66666667,266.25,93.075,1.505
2026-03-03 22:00:00,03-03-2026,22:00:00,11.1,90.0,992.9,6.6,Clear sky,314.0,282.2,284.1,1955.0,98.3,22.5,43.0,987.1,11.7,Clear sky,80.0,259.25,67.73333333,1.02
2026-03-03 23:00:00,03-03-2026,23:00:00,10.9,90.0,992.7,7.2,Clear sky,310.0,268.2,270.1,1717.0,85.1,22.0,46.0,987.2,12.0,Clear sky,66.33333333,204.0,67.225,0.8975
2026-04-01 00:00:00,,,,,,,,,,,,,9.1,92.0,992.7,3.6,Clear sky,50.5,173.5,81.975,1.07
2026-04-01 01:00:00,,,,,,,,,,,,,8.9,92.0,992.5,3.4,Clear sky,46.0,155.75,73.825,0.93
2026-04-01 02:00:00,,,,,,,,,,,,,8.7,93.0,992.5,4.3,Partly cloudy,44.5,141.75,58.7,0.57
2026-04-01 03:00:00,,,,,,,,,,,,,8.8,93.0,992.4,3.5,Partly cloudy,46.0,141.5,56.8,0.7625
2026-04-01 04:00:00,,,,,,,,,,,,,9.6,93.0,992.1,4.5,Partly cloudy,67.5,159.5,62.05,0.94
2026-04-01 05:00:00,,,,,,,,,,,,,8.2,99.0,992.1,6.4,Partly cloudy,79.25,182.75,60.05,0.9225
2026-04-01 06:00:00,,,,,,,,,,,,,8.7,98.0,992.6,5.6,Partly cloudy,82.5,195.5,54.35,1.1
2026-04-01 07:00:00,,,,,,,,,,,,,9.4,95.0,993.5,5.8,Partly cloudy,83.0,226.25,50.45,1.07
2026-04-01 08:00:00,,,,,,,,,,,,,10.4,90.0,994.5,5.5,Partly cloudy,102.75,246.0,36.45,1.2275
2026-04-01 09:00:00,,,,,,,,,,,,,11.6,85.0,995.4,5.5,Clear sky,123.5,289.5,13.275,0.7025
2026-04-01 10:00:00,04-01-2026,10:00:00,11.3,89.0,996.3,8.8,Overcast,200.0,129.9,132.2,1338.0,20.5,13.9,77.0,995.9,5.2,Clear sky,63.0,230.0,13.225,0.74
2026-04-01 11:00:00,04-01-2026,11:00:00,13.1,81.0,995.9,8.1,Partly cloudy,200.0,122.5,125.3,1169.0,18.2,15.4,65.0,995.7,9.5,Partly cloudy,69.25,249.0,11.95,0.815
2026-04-01 12:00:00,04-01-2026,12:00:00,14.6,77.0,994.7,6.3,Clear sky,200.0,115.5,118.3,1079.0,15.4,15.8,63.0,994.9,7.9,Partly cloudy,76.25,221.5,18.15,0.726666667
2026-04-01 13:00:00,04-01-2026,13:00:00,15.8,73.0,993.5,6.2,Clear sky,200.0,108.7,111.8,1037.0,13.1,16.1,60.0,994.2,7.5,Drizzle,66.75,178.5,11.825,0.6375
2026-04-01 14:00:00,04-01-2026,14:00:00,16.5,72.0,992.6,6.3,Clear sky,201.0,103.6,106.6,1085.0,14.1,16.7,58.0,993.7,7.4,Partly cloudy,59.75,167.5,12.125,0.635
2026-04-01 15:00:00,04-01-2026,15:00:00,16.9,70.0,992.3,6.9,Clear sky,201.0,99.4,102.7,1291.0,21.0,16.7,56.0,993.0,5.9,Partly cloudy,48.5,177.5,13.7,0.6125
2026-04-01 16:00:00,04-01-2026,16:00:00,16.5,72.0,992.2,6.0,Clear sky,201.0,100.4,102.9,1586.0,31.3,16.4,58.0,992.7,4.2,Clear sky,41.5,154.5,12.9,0.565
2026-04-01 17:00:00,04-01-2026,17:00:00,14.9,80.0,992.2,4.7,Clear sky,202.0,148.5,151.8,1813.0,52.6,14.3,77.0,992.8,2.6,Partly cloudy,35.75,141.75,11.725,0.5475
2026-04-01 18:00:00,04-01-2026,18:00:00,12.2,88.0,994.1,2.8,Clear sky,202.0,157.4,160.7,1910.0,55.0,13.4,76.0,993.2,0.9,Partly cloudy,41.25,142.25,21.4,0.736666667
2026-04-01 19:00:00,04-01-2026,19:00:00,11.4,90.0,994.4,3.6,Mainly clear,201.0,162.1,165.3,1939.0,58.0,12.7,80.0,994.1,3.2,Partly cloudy,47.25,183.75,53.275,1.715
2026-04-01 20:00:00,04-01-2026,20:00:00,10.9,92.0,994.7,4.0,Clear sky,200.0,167.6,170.4,1917.0,58.6,12.6,83.0,994.9,5.5,Partly cloudy,72.75,294.25,84.45,4.4675
2026-04-01 21:00:00,,,,,,,,,,,,,12.1,86.0,995.5,5.8,Clear sky,105.5,438.75,78.025,3.2675
2026-04-01 22:00:00,,,,,,,,,,,,,11.4,88.0,995.5,6.5,Partly cloudy,115.25,425.75,73.975,3.95
2026-04-01 23:00:00,,,,,,,,,,,,,11.0,89.0,995.3,8.7,Clear sky,118.5,476.0,76.5,4.6025
2026-04-02 00:00:00,,,,,,,,,,,,,11.6,93.0,995.9,2.0,Partly cloudy,132.5,470.0,57.0,3.186666667
2026-04-02 01:00:00,,,,,,,,,,,,,10.9,94.0,995.9,2.1,Partly cloudy,119.5,367.5,62.65,1.29
2026-04-02 02:00:00,,,,,,,,,,,,,10.3,95.0,995.5,4.2,Clear sky,109.25,272.0,33.6,0.82
2026-04-02 03:00:00,,,,,,,,,,,,,10.3,95.0,995.3,5.5,Partly cloudy,125.25,254.5,40.925,0.9975
2026-04-02 04:00:00,,,,,,,,,,,,,10.2,94.0,995.1,5.7,Partly cloudy,118.0,249.0,43.875,1.115
2026-04-02 05:00:00,,,,,,,,,,,,,10.6,93.0,995.4,5.8,Partly cloudy,119.0,275.75,46.875,1.1475
2026-04-02 06:00:00,,,,,,,,,,,,,10.4,93.0,995.7,5.6,Clear sky,119.5,267.5,43.825,1.276666667
2026-04-02 07:00:00,,,,,,,,,,,,,10.3,94.0,995.9,6.1,Clear sky,142.0,292.25,34.925,1.0275
2026-04-02 08:00:00,,,,,,,,,,,,,11.9,91.0,996.3,8.5,Clear sky,142.25,264.0,28.7,1.0225
2026-04-02 09:00:00,,,,,,,,,,,,,14.4,86.0,997.3,4.3,Clear sky,115.0,243.75,33.525,1.005
2026-04-02 10:00:00,04-02-2026,10:00:00,13.9,89.0,993.4,3.3,Mainly clear,194.0,143.9,145.3,1693.0,35.7,17.0,76.0,997.7,5.4,Clear sky,106.0,250.75,25.475,0.755
2026-04-02 11:00:00,04-02-2026,11:00:00,15.6,82.0,992.7,1.6,Clear sky,194.0,123.9,126.7,1438.0,31.7,18.3,68.0,997.5,7.3,Clear sky,89.0,244.75,20.675,0.61
2026-04-02 12:00:00,04-02-2026,12:00:00,16.8,77.0,991.9,2.6,Clear sky,193.0,117.6,121.1,1257.0,27.9,19.4,61.0,996.9,8.4,Clear sky,82.0,237.75,15.875,0.43
2026-04-02 13:00:00,04-02-2026,13:00:00,17.5,72.0,991.0,3.5,Clear sky,192.0,109.7,113.4,1106.0,24.5,19.9,59.0,995.8,9.4,Clear sky,47.5,148.25,11.7,0.3175
2026-04-02 14:00:00,04-02-2026,14:00:00,18.1,71.0,990.5,4.9,Clear sky,192.0,102.4,106.6,1027.0,25.7,20.1,57.0,995.0,10.2,Clear sky,31.5,123.0,9.725,0.285
2026-04-02 15:00:00,04-02-2026,15:00:00,18.1,73.0,990.3,7.3,Mainly clear,192.0,99.2,103.1,1061.0,36.1,20.0,56.0,994.6,10.0,Clear sky,25.0,116.25,9.525,0.305
2026-04-02 16:00:00,,,,,,,,,,,,,19.5,58.0,994.5,9.3,Clear sky,26.75,110.5,8.3,0.2625
2026-04-02 17:00:00,,,,,,,,,,,,,18.4,67.0,994.0,7.4,Clear sky,22.25,100.5,13.675,0.3775
2026-04-02 18:00:00,,,,,,,,,,,,,16.3,76.0,994.0,7.7,Clear sky,21.0,107.0,17.375,0.41
2026-04-02 19:00:00,,,,,,,,,,,,,15.2,80.0,994.1,7.2,Clear sky,26.75,123.25,19.825,0.5425
2026-04-02 20:00:00,04-02-2026,20:00:00,13.4,87.0,991.7,6.3,Clear sky,193.0,163.4,166.7,1438.0,53.5,14.4,82.0,994.4,8.3,Clear sky,34.0,126.0,20.125,0.5575
2026-04-02 21:00:00,04-02-2026,21:00:00,12.9,89.0,992.0,7.1,Clear sky,194.0,160.7,163.4,1354.0,48.0,13.7,84.0,994.4,8.9,Clear sky,29.25,118.5,17.6,0.5075
2026-04-02 22:00:00,04-02-2026,22:00:00,12.3,91.0,992.1,7.7,Clear sky,195.0,158.8,161.1,1211.0,41.3,13.1,85.0,994.2,8.5,Clear sky,24.25,99.5,12.25,0.44
2026-04-02 23:00:00,04-02-2026,23:00:00,11.9,94.0,992.0,7.6,Clear sky,195.0,152.3,154.6,1073.0,34.4,12.7,89.0,994.1,9.2,Clear sky,25.0,83.0,10.63333333,0.413333333
2026-04-03 00:00:00,04-03-2026,00:00:00,9.9,90.0,991.0,3.1,Clear sky,198.0,305.5,307.3,5758.0,147.6,,,,,,22.0,70.5,11.0,0.416666667
2026-04-03 01:00:00,04-03-2026,01:00:00,9.6,91.0,990.7,2.2,Clear sky,206.0,299.0,300.8,4814.0,139.5,,,,,,27.25,64.0,11.325,0.455
2026-04-03 02:00:00,,,,,,,,,,,,,,,,,,31.75,75.25,19.8,0.5
2026-04-03 03:00:00,,,,,,,,,,,,,,,,,,68.75,122.25,16.025,0.6475
2026-04-03 04:00:00,,,,,,,,,,,,,,,,,,111.25,175.0,13.85,0.5625
2026-04-03 05:00:00,,,,,,,,,,,,,,,,,,79.25,125.5,17.6,0.52
2026-04-03 06:00:00,,,,,,,,,,,,,,,,,,54.0,106.25,21.85,0.533333333
2026-04-03 07:00:00,,,,,,,,,,,,,,,,,,60.75,127.5,24.3,0.6675
2026-04-03 08:00:00,04-03-2026,08:00:00,8.8,99.0,993.6,5.9,Overcast,256.0,265.4,266.4,2568.0,67.7,,,,,,78.75,169.0,20.95,0.66
2026-04-03 09:00:00,04-03-2026,09:00:00,10.9,94.0,994.5,5.5,Overcast,260.0,245.9,246.8,2318.0,57.4,,,,,,92.75,178.25,15.825,0.6
2026-04-03 10:00:00,04-03-2026,10:00:00,12.9,90.0,995.0,2.8,Mainly clear,265.0,222.6,224.0,2075.0,43.7,,,,,,68.5,141.0,15.975,0.5225
2026-04-03 11:00:00,,,,,,,,,,,,,,,,,,43.75,124.75,12.775,0.285
2026-04-03 12:00:00,04-03-2026,12:00:00,17.0,70.0,993.2,4.5,Clear sky,274.0,149.0,150.9,1608.0,22.9,,,,,,19.75,94.75,10.8,0.256666667
2026-04-03 13:00:00,04-03-2026,13:00:00,17.8,64.0,992.0,4.5,Clear sky,277.0,122.9,125.3,1386.0,15.9,,,,,,22.25,99.5,10.8,0.2275
2026-04-03 14:00:00,04-03-2026,14:00:00,18.1,62.0,991.3,4.7,Clear sky,279.0,107.6,110.1,1305.0,17.0,,,,,,24.0,102.25,10.75,0.165
2026-04-03 15:00:00,,,,,,,,,,,,,,,,,,23.5,94.25,65.73333333,0.1475
2026-04-03 16:00:00,04-03-2026,16:00:00,17.4,65.0,990.5,4.9,Clear sky,283.0,113.9,115.9,1779.0,56.3,,,,,,16.33333333,112.5,,0.2025
2026-04-03 17:00:00,04-03-2026,17:00:00,15.4,73.0,990.1,5.2,Clear sky,285.0,211.4,215.1,2037.0,77.4,,,,,,33.66666667,106.25,,0.3575
2026-04-03 18:00:00,04-03-2026,18:00:00,13.7,80.0,990.2,5.9,Clear sky,286.0,239.3,243.1,2199.0,86.6,,,,,,46.66666667,98.5,2.833333333,0.483333333
2026-04-03 19:00:00,04-03-2026,19:00:00,13.0,83.0,990.7,6.1,Clear sky,286.0,254.3,257.0,2311.0,98.6,,,,,,31.66666667,122.25,3.775,0.4425
2026-04-03 20:00:00,,,,,,,,,,,,,,,,,,40.0,141.5,5.225,0.5325
2026-04-03 21:00:00,04-03-2026,21:00:00,11.6,89.0,991.3,6.5,Clear sky,285.0,259.8,262.6,2180.0,95.7,,,,,,46.33333333,152.5,4.925,0.5125
2026-04-03 22:00:00,04-03-2026,22:00:00,11.2,90.0,991.4,7.5,Clear sky,283.0,255.2,258.0,1937.0,80.7,,,,,,37.0,122.0,3.75,0.4075
2026-04-03 23:00:00,04-03-2026,23:00:00,10.8,91.0,991.0,7.7,Clear sky,281.0,245.9,248.7,1701.0,65.7,,,,,,33.0,107.0,3.1,0.33
2026-05-01 00:00:00,,,,,,,,,,,,,10.6,85.0,994.9,9.2,Clear sky,84.25,338.75,72.5,1.003333333
2026-05-01 01:00:00,,,,,,,,,,,,,10.4,84.0,994.8,8.0,Clear sky,101.25,387.5,79.425,1.23
2026-05-01 02:00:00,,,,,,,,,,,,,9.8,85.0,994.5,5.6,Clear sky,106.25,337.25,85.475,1.35
2026-05-01 03:00:00,,,,,,,,,,,,,9.0,88.0,994.2,5.6,Clear sky,119.0,438.25,87.1,1.3125
2026-05-01 04:00:00,,,,,,,,,,,,,8.6,89.0,994.2,5.5,Clear sky,138.0,541.75,74.175,1.14
2026-05-01 05:00:00,,,,,,,,,,,,,8.4,90.0,994.5,5.7,Clear sky,117.25,391.5,58.0,1.165
2026-05-01 06:00:00,,,,,,,,,,,,,8.1,92.0,994.8,4.8,Clear sky,134.25,342.5,43.1,0.98
2026-05-01 07:00:00,,,,,,,,,,,,,7.5,94.0,995.1,4.2,Clear sky,150.5,349.75,37.925,1.095
2026-05-01 08:00:00,,,,,,,,,,,,,8.9,91.0,995.9,5.7,Clear sky,128.0,331.0,33.0,0.875
2026-05-01 09:00:00,05-01-2026,09:00:00,9.3,96.0,994.7,8.1,Overcast,200.0,141.1,143.0,1494.0,23.3,11.4,83.0,996.8,2.8,Clear sky,98.0,282.0,23.35,0.705
2026-05-01 10:00:00,05-01-2026,10:00:00,11.0,90.0,994.9,8.5,Overcast,200.0,129.9,132.2,1294.0,20.5,13.8,73.0,997.2,3.8,Clear sky,56.5,212.25,17.95,0.6025
2026-05-01 11:00:00,05-01-2026,11:00:00,13.1,81.0,994.5,8.6,Partly cloudy,200.0,122.5,125.3,1131.0,18.2,15.2,65.0,997.2,7.4,Clear sky,37.5,193.0,12.85,0.4825
2026-05-01 12:00:00,05-01-2026,12:00:00,14.7,77.0,993.2,6.2,Clear sky,200.0,115.5,118.3,1034.0,15.4,16.0,64.0,996.2,5.5,Clear sky,29.5,168.75,7.575,0.376666667
2026-05-01 13:00:00,05-01-2026,13:00:00,15.9,73.0,992.1,6.2,Clear sky,200.0,108.7,111.8,974.0,13.1,16.8,62.0,995.1,4.7,Clear sky,28.25,168.0,7.575,0.4025
2026-05-01 14:00:00,05-01-2026,14:00:00,16.7,71.0,991.2,6.5,Clear sky,201.0,103.6,106.6,992.0,14.1,17.2,62.0,994.6,6.3,Clear sky,30.5,171.5,10.65,0.44
2026-05-01 15:00:00,05-01-2026,15:00:00,17.0,69.0,990.9,7.4,Clear sky,201.0,99.4,102.7,1143.0,21.0,17.1,63.0,994.2,6.6,Clear sky,34.5,243.75,11.375,0.465
2026-05-01 16:00:00,05-01-2026,16:00:00,16.5,72.0,990.8,6.5,Clear sky,201.0,100.4,102.9,1370.0,31.3,16.6,67.0,994.0,8.9,Partly cloudy,30.75,408.0,10.475,0.535
2026-05-01 17:00:00,05-01-2026,17:00:00,14.8,80.0,990.8,5.2,Clear sky,202.0,148.5,151.8,1543.0,52.6,14.9,76.0,993.9,7.0,Partly cloudy,24.75,310.75,12.25,0.58
2026-05-01 18:00:00,05-01-2026,18:00:00,12.4,86.0,992.5,2.3,Clear sky,202.0,157.4,160.7,1605.0,55.0,13.6,83.0,994.0,6.4,Partly cloudy,27.0,200.75,16.1,0.65
2026-05-01 19:00:00,05-01-2026,19:00:00,11.6,89.0,992.9,3.2,Mainly clear,201.0,162.1,165.3,1613.0,58.0,12.8,86.0,994.4,4.5,Partly cloudy,28.5,180.75,19.325,0.555
2026-05-01 20:00:00,05-01-2026,20:00:00,11.1,90.0,993.2,3.1,Clear sky,200.0,167.6,170.4,1603.0,58.6,12.8,86.0,994.6,5.3,Partly cloudy,36.75,195.25,24.725,0.58
2026-05-01 21:00:00,05-01-2026,21:00:00,10.3,93.0,993.3,3.7,Clear sky,199.0,171.8,174.6,1587.0,55.1,12.0,89.0,994.7,6.4,Clear sky,47.0,214.75,21.35,0.5425
2026-05-01 22:00:00,05-01-2026,22:00:00,9.6,95.0,993.1,4.3,Clear sky,198.0,175.1,178.3,1553.0,49.2,11.0,91.0,994.5,4.8,Partly cloudy,43.25,186.25,21.175,0.495
2026-05-01 23:00:00,05-01-2026,23:00:00,9.1,96.0,992.7,4.6,Clear sky,198.0,174.2,177.0,1504.0,42.6,10.7,92.0,994.2,5.3,Partly cloudy,41.0,177.25,22.225,0.4775
2026-05-02 00:00:00,05-02-2026,00:00:00,10.5,96.0,990.8,4.5,Clear sky,200.0,143.9,147.1,1612.0,29.4,12.4,89.0,993.9,8.7,Clear sky,40.25,177.25,19.925,0.476666667
2026-05-02 01:00:00,,,,,,,,,,,,,12.0,90.0,993.7,8.4,Clear sky,39.5,155.25,23.425,0.51
2026-05-02 02:00:00,,,,,,,,,,,,,11.6,91.0,993.4,8.4,Clear sky,51.25,159.0,28.075,0.5375
2026-05-02 03:00:00,,,,,,,,,,,,,11.2,91.0,993.1,8.5,Clear sky,68.75,181.25,25.225,0.4775
2026-05-02 04:00:00,05-02-2026,04:00:00,9.3,98.0,989.9,0.8,Partly cloudy,199.0,153.7,156.5,1611.0,27.6,10.9,91.0,992.9,8.7,Clear sky,56.25,167.5,22.9,0.465
2026-05-02 05:00:00,05-02-2026,05:00:00,9.1,100.0,990.1,0.4,Overcast,198.0,150.9,152.7,1642.0,19.9,10.6,90.0,993.3,10.3,Clear sky,65.25,190.5,27.525,0.585
2026-05-02 06:00:00,05-02-2026,06:00:00,10.0,99.0,991.4,2.3,Rain: Moderate,197.0,155.5,157.4,1710.0,25.8,10.1,90.0,993.7,9.0,Clear sky,106.75,271.25,22.7,0.66
2026-05-02 07:00:00,05-02-2026,07:00:00,10.4,99.0,991.3,6.1,Rain: Slight,196.0,164.4,166.2,1791.0,33.9,9.9,89.0,994.0,8.8,Clear sky,147.5,310.5,22.075,0.775
2026-05-02 08:00:00,05-02-2026,08:00:00,10.9,98.0,992.4,6.0,Overcast,195.0,160.7,162.1,1809.0,38.4,11.2,87.0,994.6,9.1,Clear sky,112.75,262.5,20.35,0.685
2026-05-02 09:00:00,05-02-2026,09:00:00,12.4,94.0,993.8,2.0,Overcast,194.0,154.1,155.5,1715.0,36.0,13.4,81.0,995.5,6.3,Clear sky,85.25,199.0,14.225,0.613333333
2026-05-02 10:00:00,05-02-2026,10:00:00,14.2,88.0,994.0,2.2,Mainly clear,194.0,146.7,149.0,1558.0,30.2,15.9,74.0,995.9,6.9,Clear sky,52.0,185.0,11.05,0.545
2026-05-02 11:00:00,05-02-2026,11:00:00,15.8,81.0,993.3,2.2,Clear sky,193.0,126.7,129.9,1410.0,25.8,18.5,65.0,995.5,9.2,Clear sky,33.0,203.25,7.925,0.4925
2026-05-02 12:00:00,05-02-2026,12:00:00,17.0,75.0,992.5,3.1,Clear sky,193.0,118.0,121.5,1288.0,23.2,20.0,56.0,994.9,10.2,Clear sky,37.75,240.75,7.7,0.37
2026-05-02 13:00:00,05-02-2026,13:00:00,17.8,71.0,991.6,5.2,Clear sky,192.0,108.7,112.5,1175.0,22.0,20.9,50.0,994.0,11.1,Clear sky,32.5,211.25,9.225,0.3125
2026-05-02 14:00:00,,,,,,,,,,,,,21.0,48.0,993.6,12.6,Clear sky,28.5,205.0,14.6,0.31
2026-05-02 15:00:00,,,,,,,,,,,,,20.9,46.0,993.3,12.9,Partly cloudy,27.0,218.0,13.85,0.31
2026-05-02 16:00:00,,,,,,,,,,,,,20.2,50.0,993.1,10.3,Partly cloudy,19.25,179.0,14.3,0.3475
2026-05-02 17:00:00,05-02-2026,17:00:00,15.9,81.0,990.8,7.9,Clear sky,193.0,166.2,170.4,1080.0,73.9,18.9,61.0,992.9,8.5,Clear sky,24.25,173.75,27.125,0.4175
2026-05-02 18:00:00,05-02-2026,18:00:00,13.8,87.0,991.7,4.9,Clear sky,194.0,186.7,190.5,1097.0,75.2,16.6,70.0,993.0,7.1,Clear sky,28.5,204.0,36.95,0.466666667
2026-05-02 19:00:00,05-02-2026,19:00:00,13.5,87.0,991.9,6.5,Clear sky,195.0,190.9,194.6,1120.0,76.5,15.2,75.0,993.4,6.1,Clear sky,35.5,202.0,61.325,0.823333333
2026-05-02 20:00:00,05-02-2026,20:00:00,13.1,89.0,992.4,7.7,Clear sky,196.0,190.0,193.7,1125.0,74.3,14.4,76.0,993.6,6.4,Clear sky,71.25,321.5,77.83333333,1.1975
2026-05-02 21:00:00,05-02-2026,21:00:00,12.4,91.0,992.7,9.4,Clear sky,197.0,183.9,186.7,1101.0,66.2,14.1,75.0,993.8,7.6,Clear sky,129.25,528.75,83.425,2.68
2026-05-02 22:00:00,,,,,,,,,,,,,13.2,77.0,993.6,7.2,Clear sky,136.25,702.25,95.8,3.525
2026-05-02 23:00:00,,,,,,,,,,,,,12.8,80.0,993.7,8.2,Clear sky,155.0,802.0,78.5,2.73
2026-05-03 00:00:00,05-03-2026,00:00:00,9.6,93.0,994.1,5.2,Clear sky,306.0,251.5,253.3,1496.0,70.0,,,,,,160.25,568.25,94.05,2.393333333
2026-05-03 01:00:00,05-03-2026,01:00:00,9.2,94.0,993.9,5.3,Clear sky,302.0,238.4,240.3,1303.0,53.2,,,,,,146.5,560.5,66.325,1.0325
2026-05-03 02:00:00,,,,,,,,,,,,,,,,,,130.0,383.25,34.075,0.5725
2026-05-03 03:00:00,,,,,,,,,,,,,,,,,,92.0,295.75,22.975,0.4875
2026-05-03 04:00:00,,,,,,,,,,,,,,,,,,54.25,248.5,17.975,0.365
2026-05-03 05:00:00,,,,,,,,,,,,,,,,,,42.75,193.0,20.5,0.38
2026-05-03 06:00:00,,,,,,,,,,,,,,,,,,57.5,181.5,23.3,0.45
2026-05-03 07:00:00,,,,,,,,,,,,,,,,,,84.25,218.75,27.75,0.65
2026-05-03 08:00:00,,,,,,,,,,,,,,,,,,95.25,252.25,19.075,0.54
2026-05-03 09:00:00,,,,,,,,,,,,,,,,,,57.5,192.5,12.65,0.4625
2026-05-03 10:00:00,05-03-2026,10:00:00,13.2,84.0,996.4,12.5,Overcast,266.0,136.0,137.4,1174.0,28.7,,,,,,36.5,187.5,10.225,
2026-05-03 11:00:00,05-03-2026,11:00:00,15.1,80.0,995.9,6.6,Overcast,261.0,129.5,131.3,972.0,25.0,,,,,,20.5,169.0,9.025,0.3375
2026-05-03 12:00:00,05-03-2026,12:00:00,16.0,76.0,994.7,3.9,Overcast,258.0,125.3,127.1,875.0,25.2,,,,,,15.75,151.0,9.45,0.31
2026-05-03 13:00:00,05-03-2026,13:00:00,16.6,73.0,993.7,1.2,Overcast,255.0,127.1,129.9,848.0,27.5,,,,,,22.25,181.25,9.95,0.333333333
2026-05-03 14:00:00,05-03-2026,14:00:00,17.0,71.0,992.6,0.4,Overcast,254.0,129.0,131.8,981.0,31.8,,,,,,16.25,235.25,7.275,0.35
2026-05-03 15:00:00,05-03-2026,15:00:00,16.8,72.0,992.2,1.9,Drizzle: Light,254.0,124.3,128.1,1451.0,40.2,,,,,,18.0,309.25,8.875,0.41
2026-05-03 16:00:00,,,,,,,,,,,,,,,,,,28.25,357.0,10.425,0.433333333
2026-05-03 17:00:00,05-03-2026,17:00:00,15.1,84.0,991.7,5.2,Drizzle: Dense,254.0,139.7,144.4,2431.0,70.4,,,,,,21.75,273.5,10.4,0.4525
2026-05-03 18:00:00,05-03-2026,18:00:00,13.6,90.0,993.3,3.1,Drizzle: Moderate,250.0,113.4,118.3,2240.0,64.1,,,,,,19.75,206.75,15.125,0.52
2026-05-03 19:00:00,05-03-2026,19:00:00,13.1,93.0,993.3,10.2,Drizzle: Light,243.0,111.1,115.0,1769.0,55.2,,,,,,30.5,253.25,26.7,0.546666667
2026-05-03 20:00:00,05-03-2026,20:00:00,12.9,86.0,992.9,9.6,Drizzle: Moderate,236.0,101.5,105.5,1358.0,47.5,,,,,,53.75,273.75,31.45,0.616666667
2026-05-03 21:00:00,05-03-2026,21:00:00,12.2,88.0,993.7,4.6,Drizzle: Light,228.0,97.1,100.6,1129.0,42.9,,,,,,74.75,257.75,25.075,0.62
2026-05-03 22:00:00,,,,,,,,,,,,,,,,,,74.25,240.75,24.675,0.516666667
2026-05-03 23:00:00,05-03-2026,23:00:00,11.6,91.0,993.8,4.5,Overcast,212.0,90.1,93.6,824.0,35.2,,,,,,67.5,225.25,22.3,0.4725
2026-06-01 00:00:00,06-01-2026,00:00:00,8.0,100.0,994.4,2.8,Overcast,197.0,193.7,197.0,1724.0,74.2,10.4,93.0,993.9,5.8,Clear sky,42.0,614.0,132.875,1.2325
2026-06-01 01:00:00,06-01-2026,01:00:00,7.8,100.0,993.9,3.0,Overcast,198.0,180.7,183.9,1585.0,58.6,9.9,94.0,993.9,5.5,Clear sky,42.0,218.0,137.45,1.06
2026-06-01 02:00:00,06-01-2026,02:00:00,7.2,100.0,993.4,3.8,Overcast,199.0,167.6,170.4,1470.0,45.0,9.3,95.0,993.4,5.7,Clear sky,42.0,248.0,125.1,0.905
2026-06-01 03:00:00,06-01-2026,03:00:00,7.0,100.0,993.2,4.7,Overcast,201.0,153.2,156.0,1387.0,33.8,8.9,96.0,993.3,5.4,Clear sky,42.0,320.0,123.4,1.1875
2026-06-01 04:00:00,06-01-2026,04:00:00,7.0,99.0,993.0,5.6,Overcast,202.0,141.6,144.4,1327.0,24.6,7.8,98.0,993.1,5.0,Clear sky,42.0,421.0,125.375,1.3825
2026-06-01 05:00:00,06-01-2026,05:00:00,7.3,99.0,993.1,6.5,Overcast,203.0,168.1,170.0,1288.0,46.3,8.2,98.0,993.5,5.1,Partly cloudy,42.0,323.0,85.575,0.87
2026-06-01 06:00:00,06-01-2026,06:00:00,7.7,96.0,993.9,3.3,Overcast,204.0,152.7,155.1,1286.0,42.2,7.7,99.0,993.8,3.5,Partly cloudy,42.0,267.0,60.175,0.6725
2026-06-01 07:00:00,06-01-2026,07:00:00,7.9,96.0,994.4,4.8,Overcast,204.0,145.8,148.1,1306.0,36.3,8.4,98.0,994.7,3.8,Partly cloudy,42.0,317.0,43.9,0.78
2026-06-01 08:00:00,06-01-2026,08:00:00,8.4,92.0,994.9,5.9,Overcast,203.0,136.0,138.8,1293.0,31.2,9.7,95.0,995.6,4.9,Partly cloudy,42.0,355.0,30.45,0.715
2026-06-01 09:00:00,06-01-2026,09:00:00,9.1,96.0,995.5,8.7,Overcast,202.0,133.6,136.0,1217.0,27.7,11.6,90.0,996.6,3.6,Partly cloudy,42.0,280.0,21.8,0.6775
2026-06-01 10:00:00,,,,,,,,,,,,,13.7,82.0,997.0,6.7,Partly cloudy,42.0,289.0,17.675,0.6
2026-06-01 11:00:00,,,,,,,,,,,,,14.4,73.0,996.9,7.9,Partly cloudy,42.0,248.0,17.875,0.565
2026-06-01 12:00:00,,,,,,,,,,,,,15.6,69.0,996.2,7.3,Clear sky,42.0,228.0,15.775,0.565
2026-06-01 13:00:00,,,,,,,,,,,,,16.4,66.0,995.2,8.0,Clear sky,42.0,177.0,13.575,0.57
2026-06-01 14:00:00,,,,,,,,,,,,,16.9,65.0,994.6,7.6,Clear sky,42.0,215.0,15.675,0.6525
2026-06-01 15:00:00,,,,,,,,,,,,,17.0,66.0,994.3,7.7,Clear sky,,210.0,11.175,0.5075
2026-06-01 16:00:00,06-01-2026,16:00:00,16.2,72.0,991.5,7.1,Clear sky,205.0,93.4,95.9,1044.0,34.3,16.4,69.0,994.1,8.0,Clear sky,46.0,204.0,19.275,0.59
2026-06-01 17:00:00,06-01-2026,17:00:00,14.5,80.0,991.6,6.3,Mainly clear,205.0,149.0,152.7,1169.0,61.5,14.2,76.0,994.3,5.6,Clear sky,17.0,132.0,17.625,0.2
2026-06-01 18:00:00,06-01-2026,18:00:00,12.1,86.0,993.1,3.3,Clear sky,205.0,162.5,165.8,1264.0,64.2,12.7,83.0,994.5,5.9,Clear sky,14.0,116.0,44.775,0.4475
2026-06-01 19:00:00,06-01-2026,19:00:00,11.4,89.0,993.4,4.6,Clear sky,204.0,165.8,169.0,1349.0,67.7,11.9,86.0,994.9,6.2,Clear sky,27.0,193.0,137.85,1.973333333
2026-06-01 20:00:00,06-01-2026,20:00:00,10.6,91.0,993.9,4.6,Mainly clear,202.0,167.6,170.4,1416.0,68.6,10.9,89.0,995.4,6.0,Clear sky,81.0,453.0,107.3,1.4625
2026-06-01 21:00:00,06-01-2026,21:00:00,10.2,93.0,994.0,5.0,Mainly clear,200.0,168.6,171.8,1468.0,65.4,10.2,92.0,995.8,6.5,Clear sky,55.0,326.0,79.525,0.97
2026-06-01 22:00:00,06-01-2026,22:00:00,9.9,94.0,993.7,5.4,Mainly clear,199.0,170.9,174.2,1503.0,59.7,9.8,93.0,995.9,6.5,Clear sky,41.0,191.0,86.525,1.0475
2026-06-01 23:00:00,,,,,,,,,,,,,9.1,98.0,995.7,5.2,Clear sky,41.0,173.0,73.25,0.7125
2026-06-02 00:00:00,,,,,,,,,,,,,12.3,81.0,993.3,7.5,Clear sky,28.0,140.0,68.25,0.6225
2026-06-02 01:00:00,,,,,,,,,,,,,11.6,83.0,993.1,6.7,Clear sky,31.0,132.0,82.25,0.553333333
2026-06-02 02:00:00,,,,,,,,,,,,,11.2,84.0,992.4,7.2,Clear sky,35.0,167.0,110.7,0.615
2026-06-02 03:00:00,,,,,,,,,,,,,10.9,84.0,992.2,7.9,Clear sky,38.0,168.0,81.175,0.645
2026-06-02 04:00:00,,,,,,,,,,,,,10.8,84.0,991.8,8.2,Clear sky,57.0,237.0,86.15,0.7725
2026-06-02 05:00:00,,,,,,,,,,,,,10.6,85.0,991.9,9.6,Clear sky,69.0,276.0,83.325,1.035
2026-06-02 06:00:00,,,,,,,,,,,,,10.2,87.0,992.8,9.5,Clear sky,111.0,354.0,93.975,1.435
2026-06-02 07:00:00,,,,,,,,,,,,,10.2,86.0,993.3,10.6,Clear sky,128.0,548.0,93.3,1.203333333
2026-06-02 08:00:00,,,,,,,,,,,,,11.8,81.0,994.3,11.4,Clear sky,112.0,481.0,34.25,0.4725
2026-06-02 09:00:00,,,,,,,,,,,,,14.3,74.0,995.1,9.2,Clear sky,50.0,237.0,28.3,0.495
2026-06-02 10:00:00,,,,,,,,,,,,,17.1,66.0,995.5,9.2,Clear sky,55.0,271.0,24.825,0.4875
2026-06-02 11:00:00,06-02-2026,11:00:00,15.2,79.0,991.3,0.6,Clear sky,193.0,126.7,129.9,1355.0,25.8,20.1,58.0,995.2,10.6,Clear sky,45.0,278.0,20.175,0.335
2026-06-02 12:00:00,06-02-2026,12:00:00,16.6,75.0,990.4,2.2,Clear sky,193.0,118.0,121.5,1268.0,23.2,21.6,52.0,994.4,11.8,Clear sky,39.0,279.0,13.425,0.245
2026-06-02 13:00:00,06-02-2026,13:00:00,17.5,73.0,989.6,5.1,Clear sky,192.0,108.7,112.5,1204.0,22.0,22.3,48.0,993.3,13.3,Clear sky,30.0,208.0,11.825,0.323333333
2026-06-02 14:00:00,06-02-2026,14:00:00,17.9,70.0,989.0,6.8,Clear sky,192.0,103.4,106.9,1191.0,26.7,22.5,49.0,992.5,13.3,Clear sky,38.0,179.0,12.275,0.285
2026-06-02 15:00:00,06-02-2026,15:00:00,18.0,68.0,988.8,8.2,Clear sky,192.0,103.8,107.3,1259.0,42.6,22.4,49.0,991.8,12.9,Clear sky,35.0,163.0,10.325,0.2525
2026-06-02 16:00:00,06-02-2026,16:00:00,17.5,74.0,988.5,8.5,Clear sky,193.0,108.3,111.5,1377.0,64.2,21.7,53.0,991.6,10.9,Clear sky,36.0,180.0,20.5,0.52
2026-06-02 17:00:00,06-02-2026,17:00:00,16.2,81.0,988.6,8.0,Clear sky,193.0,166.2,170.4,1486.0,73.9,20.3,62.0,991.3,8.5,Clear sky,50.0,277.0,18.33333333,0.55
2026-06-02 18:00:00,06-02-2026,18:00:00,14.4,86.0,989.6,8.8,Clear sky,194.0,186.7,190.5,1590.0,75.2,18.0,73.0,991.3,6.5,Clear sky,57.0,223.0,31.25,0.6075
2026-06-02 19:00:00,06-02-2026,19:00:00,13.6,89.0,989.7,7.8,Clear sky,195.0,190.9,194.6,1683.0,76.5,16.9,76.0,991.6,6.4,Clear sky,53.0,224.0,66.825,1.24
2026-06-02 20:00:00,06-02-2026,20:00:00,13.2,89.0,990.2,8.3,Clear sky,196.0,190.0,193.7,1689.0,74.3,16.5,74.0,992.1,7.7,Clear sky,74.0,431.0,187.075,3.215
2026-06-02 21:00:00,,,,,,,,,,,,,15.9,75.0,992.4,8.6,Clear sky,110.0,598.0,200.325,4.4075
2026-06-02 22:00:00,,,,,,,,,,,,,15.4,75.0,992.3,8.9,Clear sky,121.0,545.0,180.0,4.6925
2026-06-02 23:00:00,,,,,,,,,,,,,15.3,75.0,992.2,10.0,Clear sky,136.0,666.0,143.975,3.025
2026-06-03 00:00:00,06-03-2026,00:00:00,9.9,92.0,992.5,5.7,Clear sky,306.0,251.5,253.3,1523.0,70.0,,,,,,134.0,548.0,149.4333333,2.003333333
2026-06-03 01:00:00,06-03-2026,01:00:00,9.6,92.0,992.4,5.7,Clear sky,302.0,238.4,240.3,1315.0,53.2,,,,,,111.0,503.0,166.2,2.026666667
2026-06-03 02:00:00,06-03-2026,02:00:00,9.1,93.0,992.2,5.7,Clear sky,298.0,231.4,233.3,1157.0,39.5,,,,,,216.0,625.0,130.55,1.4475
2026-06-03 03:00:00,,,,,,,,,,,,,,,,,,95.0,407.0,55.9,0.7275
2026-06-03 04:00:00,,,,,,,,,,,,,,,,,,92.0,443.0,38.425,0.3125
2026-06-03 05:00:00,,,,,,,,,,,,,,,,,,44.0,398.0,41.05,0.425
2026-06-03 06:00:00,,,,,,,,,,,,,,,,,,61.0,313.0,41.8,0.5625
2026-06-03 07:00:00,,,,,,,,,,,,,,,,,,66.0,304.0,72.2,0.93
2026-06-03 08:00:00,,,,,,,,,,,,,,,,,,72.0,343.0,32.6,0.4825
2026-06-03 09:00:00,,,,,,,,,,,,,,,,,,45.0,324.0,16.475,0.295
2026-06-03 10:00:00,06-03-2026,10:00:00,13.4,85.0,994.8,12.8,Overcast,266.0,136.0,137.4,1139.0,28.7,,,,,,39.0,316.0,13.225,0.245
2026-06-03 11:00:00,06-03-2026,11:00:00,14.9,80.0,994.4,6.4,Overcast,261.0,129.5,131.3,996.0,25.0,,,,,,30.0,237.0,7.15,0.21
2026-06-03 12:00:00,06-03-2026,12:00:00,15.9,77.0,993.2,2.3,Overcast,258.0,125.3,127.1,920.0,25.2,,,,,,29.0,167.0,11.625,0.255
2026-06-03 13:00:00,06-03-2026,13:00:00,16.5,74.0,992.1,0.4,Overcast,255.0,127.1,129.9,893.0,27.5,,,,,,38.0,217.0,12.275,0.333333333
2026-06-03 14:00:00,,,,,,,,,,,,,,,,,,39.0,229.0,11.825,0.3
2026-06-03 15:00:00,06-03-2026,15:00:00,16.5,74.0,990.8,2.4,Drizzle: Light,254.0,124.3,128.1,1366.0,40.2,,,,,,50.0,,7.5,0.2125
2026-06-03 16:00:00,06-03-2026,16:00:00,16.2,75.0,990.2,5.5,Drizzle: Light,254.0,129.9,133.2,1867.0,50.6,,,,,,34.0,531.0,13.5,0.24
2026-06-03 17:00:00,06-03-2026,17:00:00,14.9,82.0,990.1,5.3,Rain: Moderate,254.0,139.7,144.4,2157.0,70.4,,,,,,20.0,180.0,34.65,0.3675
2026-06-03 18:00:00,06-03-2026,18:00:00,13.7,92.0,991.6,1.8,Drizzle: Dense,250.0,113.4,118.3,2046.0,64.1,,,,,,19.0,201.0,47.025,0.535
2026-06-03 19:00:00,06-03-2026,19:00:00,13.0,92.0,991.3,11.7,Drizzle: Dense,243.0,111.1,115.0,1725.0,55.2,,,,,,34.0,307.0,27.15,0.453333333
2026-06-03 20:00:00,,,,,,,,,,,,,,,,,,33.0,183.0,26.15,0.42
2026-06-03 21:00:00,06-03-2026,21:00:00,12.2,86.0,992.1,6.2,Drizzle: Light,228.0,97.1,100.6,1217.0,42.9,,,,,,38.0,248.0,39.375,0.56
2026-06-03 22:00:00,06-03-2026,22:00:00,11.1,91.0,992.2,4.9,Drizzle: Light,220.0,95.7,99.0,1031.0,39.4,,,,,,45.0,265.0,45.1,0.5275
2026-06-03 23:00:00,,,,,,,,,,,,,,,,,,38.0,188.0,50.15,0.51
2026-07-01 00:00:00,,,,,,,,,,,,,9.1,98.0,995.3,5.4,Clear sky,52.0,181.0,27.725,0.955
2026-07-01 01:00:00,,,,,,,,,,,,,7.8,99.0,995.1,5.3,Clear sky,67.0,162.0,25.625,1.21
2026-07-01 02:00:00,,,,,,,,,,,,,7.6,99.0,995.0,5.3,Clear sky,81.0,209.0,26.3,1.29
2026-07-01 03:00:00,,,,,,,,,,,,,7.1,100.0,994.8,5.1,Clear sky,127.0,283.0,39.2,1.2325
2026-07-01 04:00:00,,,,,,,,,,,,,6.7,100.0,994.5,4.5,Partly cloudy,140.0,253.0,35.275,1.22
2026-07-01 05:00:00,,,,,,,,,,,,,7.8,100.0,995.3,5.2,Partly cloudy,133.0,240.0,30.325,1.0325
2026-07-01 06:00:00,,,,,,,,,,,,,8.1,100.0,995.7,4.6,Partly cloudy,92.0,187.0,28.35,0.935
2026-07-01 07:00:00,,,,,,,,,,,,,8.6,100.0,996.5,5.1,Partly cloudy,95.0,187.0,16.15,0.786666667
2026-07-01 08:00:00,,,,,,,,,,,,,9.2,99.0,997.0,6.8,Partly cloudy,69.0,146.0,7.425,0.635
2026-07-01 09:00:00,,,,,,,,,,,,,9.8,98.0,997.7,9.5,Partly cloudy,23.0,57.0,5.15,0.5425
2026-07-01 10:00:00,07-01-2026,10:00:00,12.1,84.0,993.4,9.4,Partly cloudy,202.0,128.1,130.9,1305.0,24.9,11.0,91.0,998.2,9.3,Partly cloudy,8.0,24.0,20.1,0.9175
2026-07-01 11:00:00,07-01-2026,11:00:00,13.6,80.0,993.0,7.8,Partly cloudy,203.0,120.6,123.9,1188.0,22.2,11.8,82.0,998.0,7.5,Partly cloudy,28.0,80.0,48.55,0.9975
2026-07-01 12:00:00,07-01-2026,12:00:00,14.9,75.0,991.8,7.2,Clear sky,204.0,112.2,115.3,1093.0,18.2,13.7,74.0,997.2,5.5,Partly cloudy,40.0,95.0,34.325,0.82
2026-07-01 13:00:00,07-01-2026,13:00:00,16.0,72.0,990.7,6.2,Clear sky,204.0,103.8,107.1,1017.0,14.4,14.8,72.0,996.4,5.3,Clear sky,47.0,93.0,35.375,0.68
2026-07-01 14:00:00,07-01-2026,14:00:00,16.8,69.0,989.8,6.6,Clear sky,205.0,96.2,99.4,1022.0,14.8,15.4,69.0,995.8,5.9,Clear sky,36.0,121.0,32.425,0.6175
2026-07-01 15:00:00,07-01-2026,15:00:00,17.0,69.0,989.5,7.0,Clear sky,205.0,92.4,95.5,1177.0,22.5,15.6,69.0,995.3,5.6,Clear sky,29.0,88.0,24.4,0.5325
2026-07-01 16:00:00,07-01-2026,16:00:00,16.5,72.0,989.4,6.7,Clear sky,205.0,93.4,95.9,1413.0,34.3,15.1,71.0,995.0,5.3,Clear sky,16.0,64.0,6.55,0.3875
2026-07-01 17:00:00,07-01-2026,17:00:00,14.9,80.0,989.4,5.6,Clear sky,205.0,149.0,152.7,1595.0,61.5,12.7,83.0,995.2,4.8,Clear sky,8.0,34.0,23.8,0.5125
2026-07-01 18:00:00,07-01-2026,18:00:00,12.1,88.0,991.1,3.6,Clear sky,205.0,162.5,165.8,1666.0,64.2,11.4,88.0,995.5,7.2,Clear sky,12.0,69.0,28.925,0.7175
2026-07-01 19:00:00,07-01-2026,19:00:00,11.5,90.0,991.3,4.2,Clear sky,204.0,165.8,169.0,1683.0,67.7,10.4,90.0,995.6,7.4,Clear sky,19.0,81.0,55.65,1.016666667
2026-07-01 20:00:00,07-01-2026,20:00:00,11.2,91.0,991.8,4.5,Clear sky,202.0,167.6,170.4,1673.0,68.6,9.8,92.0,995.9,6.6,Clear sky,31.0,128.0,39.225,1.0475
2026-07-01 21:00:00,07-01-2026,21:00:00,11.1,91.0,991.9,5.8,Clear sky,200.0,168.6,171.8,1642.0,65.4,9.4,93.0,996.2,7.4,Clear sky,38.0,142.0,36.6,1.0825
2026-07-01 22:00:00,07-01-2026,22:00:00,10.8,92.0,991.6,6.6,Clear sky,199.0,170.9,174.2,1586.0,59.7,8.9,94.0,995.9,7.3,Clear sky,56.0,168.0,37.15,1.095
2026-07-01 23:00:00,07-01-2026,23:00:00,10.4,93.0,991.3,7.1,Mainly clear,198.0,170.4,173.2,1519.0,52.6,8.2,99.0,996.2,7.3,Partly cloudy,51.0,148.0,37.8,0.983333333
2026-07-02 00:00:00,,,,,,,,,,,,,14.8,76.0,991.8,8.9,Clear sky,50.0,132.0,22.85,0.7
2026-07-02 01:00:00,,,,,,,,,,,,,14.0,79.0,991.5,8.0,Clear sky,53.0,119.0,25.825,0.513333333
2026-07-02 02:00:00,,,,,,,,,,,,,13.4,81.0,991.2,8.3,Clear sky,52.0,102.0,21.075,0.555
2026-07-02 03:00:00,,,,,,,,,,,,,12.9,83.0,990.6,8.1,Partly cloudy,36.0,88.0,24.125,0.665
2026-07-02 04:00:00,,,,,,,,,,,,,12.2,86.0,990.2,8.7,Partly cloudy,69.0,141.0,19.275,0.8725
2026-07-02 05:00:00,,,,,,,,,,,,,12.2,87.0,990.5,9.7,Partly cloudy,114.0,206.0,17.025,0.87
2026-07-02 06:00:00,,,,,,,,,,,,,12.1,88.0,990.9,9.2,Partly cloudy,135.0,248.0,19.55,0.845
2026-07-02 07:00:00,,,,,,,,,,,,,12.0,88.0,991.2,9.7,Partly cloudy,116.0,211.0,14.35,0.843333333
2026-07-02 08:00:00,07-02-2026,08:00:00,10.6,99.0,991.1,7.3,Overcast,196.0,156.5,157.4,1903.0,41.3,13.5,84.0,991.9,10.7,Clear sky,119.0,229.0,8.475,0.77
2026-07-02 09:00:00,07-02-2026,09:00:00,11.9,96.0,992.6,4.6,Overcast,195.0,152.7,154.1,1749.0,40.1,15.9,77.0,992.6,7.9,Clear sky,100.0,185.0,6.0,0.6375
2026-07-02 10:00:00,07-02-2026,10:00:00,13.9,91.0,993.0,4.9,Partly cloudy,194.0,143.9,145.3,1472.0,35.7,18.5,70.0,992.7,8.8,Clear sky,81.0,151.0,7.5,0.62
2026-07-02 11:00:00,07-02-2026,11:00:00,15.8,82.0,992.4,1.9,Mainly clear,194.0,123.9,126.7,1243.0,31.7,20.8,62.0,992.4,10.5,Clear sky,73.0,134.0,12.525,0.64
2026-07-02 12:00:00,07-02-2026,12:00:00,17.0,76.0,991.4,4.3,Clear sky,193.0,117.6,121.1,1121.0,27.9,22.0,58.0,991.7,11.4,Clear sky,85.0,162.0,14.45,0.705
2026-07-02 13:00:00,07-02-2026,13:00:00,17.8,74.0,990.7,5.5,Clear sky,192.0,109.7,113.4,1047.0,24.5,22.9,54.0,990.7,12.9,Clear sky,92.0,163.0,9.175,0.653333333
2026-07-02 14:00:00,,,,,,,,,,,,,23.4,48.0,989.7,15.2,Clear sky,80.0,141.0,12.2,0.66
2026-07-02 15:00:00,07-02-2026,15:00:00,17.9,71.0,990.0,8.6,Clear sky,192.0,99.2,103.1,1015.0,36.1,23.2,48.0,989.4,15.2,Clear sky,77.0,129.0,7.175,0.455
2026-07-02 16:00:00,07-02-2026,16:00:00,17.2,74.0,989.8,8.5,Clear sky,192.0,101.3,104.8,1057.0,51.2,22.5,52.0,989.3,13.0,Clear sky,70.0,112.0,6.666666667,0.475
2026-07-02 17:00:00,07-02-2026,17:00:00,15.8,80.0,989.7,7.1,Clear sky,191.0,152.7,157.4,1096.0,60.8,21.2,62.0,988.7,8.8,Clear sky,72.0,120.0,8.475,0.506666667
2026-07-02 18:00:00,07-02-2026,18:00:00,14.0,86.0,990.6,5.6,Clear sky,192.0,163.9,167.6,1126.0,59.3,19.0,72.0,988.8,6.7,Clear sky,64.0,129.0,9.725,0.6125
2026-07-02 19:00:00,07-02-2026,19:00:00,13.6,87.0,990.7,7.7,Clear sky,193.0,164.8,168.1,1152.0,57.1,18.2,71.0,989.1,9.2,Clear sky,73.0,154.0,25.7,0.946666667
2026-07-02 20:00:00,07-02-2026,20:00:00,13.1,88.0,991.2,8.4,Clear sky,193.0,163.4,166.7,1152.0,53.5,17.4,69.0,989.8,9.1,Clear sky,66.0,171.0,30.15,1.0025
2026-07-02 21:00:00,07-02-2026,21:00:00,12.4,91.0,991.6,9.4,Clear sky,194.0,160.7,163.4,1112.0,48.0,16.4,73.0,990.4,8.6,Clear sky,75.0,171.0,30.0,0.855
2026-07-02 22:00:00,,,,,,,,,,,,,15.9,79.0,990.5,10.0,Clear sky,79.0,162.0,31.9,0.805
2026-07-02 23:00:00,07-02-2026,23:00:00,11.6,95.0,991.5,9.5,Clear sky,195.0,152.3,154.6,971.0,34.4,15.5,82.0,990.4,9.9,Clear sky,64.0,146.0,28.4,0.6175
2026-07-03 00:00:00,,,,,,,,,,,,,,,,,,42.0,101.0,17.1,0.515
2026-07-03 01:00:00,,,,,,,,,,,,,,,,,,29.0,80.0,24.025,0.593333333
2026-07-03 02:00:00,,,,,,,,,,,,,,,,,,42.0,112.0,31.775,0.5875
2026-07-03 03:00:00,,,,,,,,,,,,,,,,,,35.0,87.0,18.0,0.465
2026-07-03 04:00:00,,,,,,,,,,,,,,,,,,40.0,75.0,28.0,0.4825
2026-07-03 05:00:00,,,,,,,,,,,,,,,,,,53.0,104.0,21.75,0.485
2026-07-03 06:00:00,,,,,,,,,,,,,,,,,,38.0,96.0,16.125,0.4675
2026-07-03 07:00:00,,,,,,,,,,,,,,,,,,19.0,69.0,18.025,0.55
2026-07-03 08:00:00,,,,,,,,,,,,,,,,,,17.0,75.0,10.875,0.5575
2026-07-03 09:00:00,,,,,,,,,,,,,,,,,,24.0,75.0,11.725,0.506666667
2026-07-03 10:00:00,,,,,,,,,,,,,,,,,,40.0,84.0,12.2,0.393333333
2026-07-03 11:00:00,07-03-2026,11:00:00,15.4,78.0,995.0,6.5,Overcast,241.0,131.3,133.6,1001.0,19.0,,,,,,28.0,73.0,8.75,0.453333333
2026-07-03 12:00:00,07-03-2026,12:00:00,16.3,74.0,993.9,2.7,Overcast,239.0,126.7,129.5,900.0,18.9,,,,,,36.0,97.0,11.15,0.4825
2026-07-03 13:00:00,07-03-2026,13:00:00,16.7,72.0,992.6,1.8,Overcast,238.0,127.1,130.4,814.0,21.1,,,,,,40.0,99.0,10.375,0.453333333
2026-07-03 14:00:00,07-03-2026,14:00:00,16.6,71.0,991.6,0.8,Drizzle: Light,238.0,128.1,131.3,845.0,27.0,,,,,,34.0,86.0,9.3,0.4575
2026-07-03 15:00:00,07-03-2026,15:00:00,16.4,73.0,991.2,3.1,Drizzle: Light,239.0,127.1,130.9,1112.0,40.8,,,,,,34.0,99.0,9.675,0.46
2026-07-03 16:00:00,07-03-2026,16:00:00,16.2,75.0,990.9,5.8,Drizzle: Moderate,240.0,133.2,136.0,1496.0,58.3,,,,,,36.0,107.0,15.025,0.4625
2026-07-03 17:00:00,,,,,,,,,,,,,,,,,,35.0,108.0,14.3,0.4575
2026-07-03 18:00:00,07-03-2026,18:00:00,13.4,92.0,992.0,4.5,Rain: Slight,238.0,136.0,140.2,1735.0,60.0,,,,,,36.0,107.0,33.1,0.57
2026-07-03 19:00:00,07-03-2026,19:00:00,13.1,92.0,991.6,12.0,Rain: Slight,234.0,127.1,131.3,1590.0,52.3,,,,,,36.0,148.0,35.95,0.773333333
2026-07-03 20:00:00,07-03-2026,20:00:00,12.8,89.0,992.2,8.0,Drizzle: Light,228.0,112.0,116.2,1423.0,45.9,,,,,,46.0,156.0,52.73333333,0.916666667
2026-07-03 21:00:00,07-03-2026,21:00:00,12.2,87.0,992.5,9.4,Drizzle: Light,222.0,107.1,111.1,1256.0,43.1,,,,,,45.0,174.0,49.2,0.9025
2026-07-03 22:00:00,07-03-2026,22:00:00,11.5,89.0,992.8,7.0,Drizzle: Light,216.0,110.8,114.8,1066.0,41.6,,,,,,47.0,164.0,33.375,0.9175
2026-07-03 23:00:00,,,,,,,,,,,,,,,,,,48.0,152.0,39.45,0.7975
2026-08-01 00:00:00,08-01-2026,00:00:00,7.4,100.0,993.3,3.6,Overcast,197.0,185.8,188.6,1887.0,56.7,8.1,100.0,995.7,6.6,Partly cloudy,50.0,176.0,39.025,1.0325
2026-08-01 01:00:00,,,,,,,,,,,,,8.6,99.0,995.6,6.7,Partly cloudy,50.0,152.0,39.25,0.953333333
2026-08-01 02:00:00,,,,,,,,,,,,,9.1,98.0,995.9,6.7,Partly cloudy,50.0,139.0,28.0,0.78
2026-08-01 03:00:00,,,,,,,,,,,,,9.1,98.0,995.6,6.2,Partly cloudy,45.0,124.0,14.95,0.67
2026-08-01 04:00:00,,,,,,,,,,,,,9.0,98.0,995.4,4.6,Partly cloudy,51.0,113.0,14.275,0.7375
2026-08-01 05:00:00,,,,,,,,,,,,,6.7,99.0,996.2,4.0,Partly cloudy,59.0,117.0,13.825,0.74
2026-08-01 06:00:00,,,,,,,,,,,,,6.8,99.0,996.5,3.6,Partly cloudy,44.0,98.0,17.525,0.7475
2026-08-01 07:00:00,,,,,,,,,,,,,7.0,99.0,997.3,3.5,Partly cloudy,41.0,96.0,15.6,0.906666667
2026-08-01 08:00:00,,,,,,,,,,,,,7.2,98.0,998.1,3.1,Partly cloudy,41.0,157.0,19.125,0.91
2026-08-01 09:00:00,,,,,,,,,,,,,7.8,97.0,998.7,2.9,Partly cloudy,31.0,168.0,30.25,0.825
2026-08-01 10:00:00,,,,,,,,,,,,,9.1,87.0,999.2,2.1,Partly cloudy,38.0,148.0,41.925,0.8175
2026-08-01 11:00:00,,,,,,,,,,,,,9.6,84.0,999.0,3.0,Partly cloudy,38.0,130.0,27.575,0.7925
2026-08-01 12:00:00,,,,,,,,,,,,,11.6,78.0,998.1,2.5,Partly cloudy,39.0,163.0,15.15,0.71
2026-08-01 13:00:00,08-01-2026,13:00:00,16.2,71.0,991.5,7.2,Clear sky,200.0,108.7,111.8,907.0,13.1,12.9,75.0,996.9,3.7,Partly cloudy,40.0,159.0,21.5,0.79
2026-08-01 14:00:00,08-01-2026,14:00:00,17.0,68.0,990.7,7.8,Clear sky,201.0,103.6,106.6,920.0,14.1,13.8,72.0,995.9,3.9,Clear sky,33.0,130.0,23.1,0.7675
2026-08-01 15:00:00,08-01-2026,15:00:00,17.0,67.0,990.4,8.3,Clear sky,201.0,99.4,102.7,1040.0,21.0,14.1,72.0,994.9,3.3,Partly cloudy,35.0,140.0,23.05,0.7775
2026-08-01 16:00:00,08-01-2026,16:00:00,16.5,71.0,990.4,7.0,Clear sky,201.0,100.4,102.9,1224.0,31.3,13.8,74.0,994.5,3.2,Clear sky,34.0,80.0,16.075,0.7425
2026-08-01 17:00:00,08-01-2026,17:00:00,14.8,79.0,990.4,6.3,Clear sky,202.0,148.5,151.8,1378.0,52.6,12.3,84.0,994.1,3.7,Clear sky,31.0,96.0,15.775,0.795
2026-08-01 18:00:00,08-01-2026,18:00:00,11.8,87.0,992.0,3.4,Mainly clear,202.0,157.4,160.7,1471.0,55.0,10.8,89.0,994.4,3.9,Clear sky,35.0,103.0,17.33333333,0.8325
2026-08-01 19:00:00,08-01-2026,19:00:00,10.6,92.0,992.4,4.3,Clear sky,201.0,162.1,165.3,1534.0,58.0,9.7,93.0,994.8,4.2,Clear sky,35.0,95.0,23.425,0.963333333
2026-08-01 20:00:00,08-01-2026,20:00:00,9.9,94.0,992.7,4.6,Clear sky,200.0,167.6,170.4,1562.0,58.6,8.9,96.0,995.3,4.6,Clear sky,42.0,150.0,49.2,1.355
2026-08-01 21:00:00,08-01-2026,21:00:00,9.4,95.0,992.9,4.8,Clear sky,199.0,171.8,174.6,1544.0,55.1,8.7,97.0,995.6,6.0,Clear sky,41.0,121.0,51.825,1.455
2026-08-01 22:00:00,08-01-2026,22:00:00,9.1,97.0,992.5,5.0,Partly cloudy,198.0,175.1,178.3,1491.0,49.2,8.4,97.0,995.2,6.5,Clear sky,39.0,236.0,52.225,1.7025
2026-08-01 23:00:00,,,,,,,,,,,,,7.6,100.0,995.2,4.8,Partly cloudy,38.0,174.0,32.6,1.5925
2026-08-02 00:00:00,08-02-2026,00:00:00,10.5,96.0,988.1,4.5,Clear sky,200.0,143.9,147.1,1576.0,29.4,14.8,81.0,989.9,8.8,Clear sky,48.0,153.0,62.525,1.2925
2026-08-02 01:00:00,08-02-2026,01:00:00,10.4,97.0,987.7,4.8,Clear sky,200.0,143.4,146.7,1566.0,25.0,14.1,78.0,990.0,7.8,Clear sky,46.0,145.0,22.8,0.883333333
2026-08-02 02:00:00,08-02-2026,02:00:00,9.9,97.0,987.4,5.5,Clear sky,199.0,144.4,147.1,1559.0,22.8,13.3,79.0,989.7,6.8,Clear sky,41.0,107.0,17.9,0.85
2026-08-02 03:00:00,08-02-2026,03:00:00,9.8,97.0,986.8,5.1,Mainly clear,199.0,147.1,149.9,1537.0,24.1,12.6,79.0,989.6,7.1,Partly cloudy,34.0,102.0,26.3,0.795
2026-08-02 04:00:00,,,,,,,,,,,,,11.6,83.0,989.1,5.5,Partly cloudy,34.0,95.0,25.025,0.7325
2026-08-02 05:00:00,,,,,,,,,,,,,11.1,84.0,988.8,6.7,Partly cloudy,35.0,142.0,30.475,0.81
2026-08-02 06:00:00,,,,,,,,,,,,,10.6,84.0,989.2,7.1,Clear sky,45.0,132.0,23.375,0.9
2026-08-02 07:00:00,,,,,,,,,,,,,10.4,84.0,989.6,7.8,Partly cloudy,39.0,114.0,19.75,0.946666667
2026-08-02 08:00:00,,,,,,,,,,,,,11.9,79.0,990.2,8.8,Partly cloudy,55.0,126.0,37.625,0.96
2026-08-02 09:00:00,,,,,,,,,,,,,14.7,71.0,991.3,5.9,Partly cloudy,40.0,113.0,20.45,0.7575
2026-08-02 10:00:00,,,,,,,,,,,,,17.5,61.0,991.9,6.8,Partly cloudy,29.0,95.0,15.3,0.7425
2026-08-02 11:00:00,08-02-2026,11:00:00,15.8,81.0,990.6,2.2,Clear sky,193.0,126.7,129.9,1465.0,25.8,20.2,51.0,991.7,9.3,Partly cloudy,31.0,90.0,14.6,0.695
2026-08-02 12:00:00,08-02-2026,12:00:00,17.0,75.0,989.8,3.1,Clear sky,193.0,118.0,121.5,1327.0,23.2,21.5,43.0,991.3,10.8,Partly cloudy,20.0,85.0,13.75,0.6875
2026-08-02 13:00:00,08-02-2026,13:00:00,17.8,71.0,989.0,5.2,Clear sky,192.0,108.7,112.5,1205.0,22.0,22.0,42.0,990.4,11.7,Partly cloudy,16.0,75.0,12.725,0.666666667
2026-08-02 14:00:00,08-02-2026,14:00:00,18.0,72.0,988.5,6.8,Clear sky,192.0,103.4,106.9,1127.0,26.7,22.2,43.0,989.5,11.0,Clear sky,22.0,71.0,13.05,0.6675
2026-08-02 15:00:00,08-02-2026,15:00:00,17.8,73.0,988.3,9.1,Mainly clear,192.0,103.8,107.3,1121.0,42.6,22.1,42.0,988.8,10.2,Clear sky,20.0,66.0,13.7,0.6975
2026-08-02 16:00:00,08-02-2026,16:00:00,17.1,74.0,988.0,9.4,Clear sky,193.0,108.3,111.5,1159.0,64.2,21.5,45.0,988.6,9.1,Clear sky,29.0,71.0,17.575,0.6825
2026-08-02 17:00:00,08-02-2026,17:00:00,15.9,81.0,988.1,7.9,Clear sky,193.0,166.2,170.4,1190.0,73.9,20.0,53.0,988.2,6.7,Clear sky,23.0,65.0,14.625,0.665
2026-08-02 18:00:00,08-02-2026,18:00:00,13.8,87.0,989.0,4.9,Clear sky,194.0,186.7,190.5,1199.0,75.2,17.3,68.0,988.0,5.4,Clear sky,20.0,62.0,26.5,0.835
2026-08-02 19:00:00,,,,,,,,,,,,,16.1,72.0,988.4,5.6,Clear sky,22.0,99.0,14.625,0.616666667
2026-08-02 20:00:00,08-02-2026,20:00:00,13.1,89.0,989.7,7.7,Clear sky,196.0,190.0,193.7,1186.0,74.3,15.1,75.0,988.8,4.4,Partly cloudy,8.0,31.0,28.15,0.8925
2026-08-02 21:00:00,08-02-2026,21:00:00,12.4,91.0,990.0,9.4,Clear sky,197.0,183.9,186.7,1154.0,66.2,14.2,77.0,988.8,3.6,Partly cloudy,6.0,20.0,33.325,1.0225
2026-08-02 22:00:00,08-02-2026,22:00:00,11.9,94.0,990.2,9.6,Clear sky,198.0,177.0,179.7,1105.0,54.5,13.8,76.0,988.7,3.2,Partly cloudy,6.0,19.0,27.95,0.7675
2026-08-02 23:00:00,08-02-2026,23:00:00,11.6,95.0,989.9,9.1,Clear sky,199.0,165.8,168.1,1040.0,43.4,13.4,79.0,989.0,4.5,Partly cloudy,7.0,15.0,26.025,0.72
2026-08-03 00:00:00,,,,,,,,,,,,,,,,,,5.0,15.0,18.16666667,0.636666667
2026-08-03 01:00:00,,,,,,,,,,,,,,,,,,5.0,13.0,20.525,0.583333333
2026-08-03 02:00:00,,,,,,,,,,,,,,,,,,6.0,10.0,16.1,0.55
2026-08-03 03:00:00,,,,,,,,,,,,,,,,,,2.0,8.0,25.5,0.565
2026-08-03 04:00:00,,,,,,,,,,,,,,,,,,7.0,21.0,23.375,0.5925
2026-08-03 05:00:00,,,,,,,,,,,,,,,,,,20.0,40.0,20.7,0.535
2026-08-03 06:00:00,,,,,,,,,,,,,,,,,,3.0,27.0,25.975,0.575
2026-08-03 07:00:00,,,,,,,,,,,,,,,,,,14.0,26.0,22.075,0.616666667
2026-08-03 08:00:00,08-03-2026,08:00:00,9.5,99.0,993.0,10.9,Overcast,252.0,168.1,169.5,1399.0,31.7,,,,,,8.0,26.0,23.075,0.6875
2026-08-03 09:00:00,08-03-2026,09:00:00,11.1,93.0,993.6,11.6,Overcast,248.0,153.7,155.1,1280.0,28.8,,,,,,7.0,40.0,25.35,0.74
2026-08-03 10:00:00,08-03-2026,10:00:00,13.6,85.0,993.5,12.5,Mainly clear,245.0,137.4,139.7,1064.0,22.8,,,,,,19.0,38.0,17.25,0.71
2026-08-03 11:00:00,08-03-2026,11:00:00,15.6,78.0,992.9,9.0,Overcast,241.0,131.3,133.6,901.0,19.0,,,,,,16.0,36.0,28.175,0.73
2026-08-03 12:00:00,,,,,,,,,,,,,,,,,,19.0,75.0,22.65,0.7675
2026-08-03 13:00:00,08-03-2026,13:00:00,17.2,71.0,990.7,0.8,Overcast,238.0,127.1,130.4,765.0,21.1,,,,,,22.0,77.0,19.7,0.77
2026-08-03 14:00:00,08-03-2026,14:00:00,16.9,72.0,989.6,0.9,Overcast,238.0,128.1,131.3,876.0,27.0,,,,,,17.0,75.0,22.275,0.8625
2026-08-03 15:00:00,08-03-2026,15:00:00,16.8,72.0,989.3,3.1,Overcast,239.0,127.1,130.9,1300.0,40.8,,,,,,36.0,79.0,28.55,0.76
2026-08-03 16:00:00,08-03-2026,16:00:00,16.4,75.0,988.9,3.1,Drizzle: Light,240.0,133.2,136.0,1877.0,58.3,,,,,,19.0,87.0,23.525,0.6725
2026-08-03 17:00:00,,,,,,,,,,,,,,,,,,8.0,58.0,26.05,0.6775
2026-08-03 18:00:00,08-03-2026,18:00:00,13.9,89.0,990.4,5.7,Drizzle: Light,238.0,136.0,140.2,2131.0,60.0,,,,,,17.0,77.0,33.125,0.8075
2026-08-03 19:00:00,08-03-2026,19:00:00,13.1,93.0,990.3,9.5,Rain: Moderate,234.0,127.1,131.3,1809.0,52.3,,,,,,19.0,154.0,54.025,1.286666667
2026-08-03 20:00:00,08-03-2026,20:00:00,12.8,83.0,989.8,13.1,Drizzle: Moderate,228.0,112.0,116.2,1485.0,45.9,,,,,,16.0,114.0,70.825,1.4475
2026-08-03 21:00:00,08-03-2026,21:00:00,12.4,85.0,990.6,5.0,Drizzle: Light,222.0,107.1,111.1,1211.0,43.1,,,,,,13.0,129.0,46.2,1.52
2026-08-03 22:00:00,,,,,,,,,,,,,,,,,,40.0,137.0,35.275,1.4275
2026-08-03 23:00:00,,,,,,,,,,,,,,,,,,59.0,142.0,26.6,1.3
2026-09-01 00:00:00,,,,,,,,,,,,,7.8,100.0,995.0,6.8,Partly cloudy,62.0,178.0,57.45,2.733333333
2026-09-01 01:00:00,,,,,,,,,,,,,7.5,100.0,995.3,6.9,Partly cloudy,73.0,231.0,48.825,2.326666667
2026-09-01 02:00:00,,,,,,,,,,,,,7.2,100.0,995.5,6.6,Partly cloudy,177.0,339.0,46.225,2.0875
2026-09-01 03:00:00,,,,,,,,,,,,,7.0,100.0,995.2,8.4,Partly cloudy,151.0,258.0,42.675,1.685
2026-09-01 04:00:00,,,,,,,,,,,,,6.9,100.0,994.7,7.8,Partly cloudy,96.0,192.0,40.775,1.4425
2026-09-01 05:00:00,,,,,,,,,,,,,6.7,99.0,994.7,4.8,Partly cloudy,118.0,234.0,40.925,1.28
2026-09-01 06:00:00,,,,,,,,,,,,,6.9,99.0,995.2,3.7,Partly cloudy,153.0,244.0,45.75,1.123333333
2026-09-01 07:00:00,,,,,,,,,,,,,7.1,99.0,996.0,2.4,Rain,123.0,197.0,56.225,1.106666667
2026-09-01 08:00:00,,,,,,,,,,,,,7.6,98.0,995.8,5.4,Drizzle,92.0,184.0,54.775,0.9975
2026-09-01 09:00:00,09-01-2026,09:00:00,9.1,96.0,992.7,8.7,Overcast,202.0,133.6,136.0,1364.0,27.7,8.7,94.0,996.9,3.8,Partly cloudy,47.0,107.0,39.65,0.496666667
2026-09-01 10:00:00,09-01-2026,10:00:00,10.6,92.0,992.9,9.0,Overcast,202.0,128.1,130.9,1203.0,24.9,10.9,90.0,997.3,2.0,Partly cloudy,35.0,101.0,29.275,0.546666667
2026-09-01 11:00:00,09-01-2026,11:00:00,12.9,81.0,992.4,9.0,Overcast,203.0,120.6,123.9,1068.0,22.2,12.8,80.0,997.2,0.8,Clear sky,33.0,95.0,27.325,0.5275
2026-09-01 12:00:00,09-01-2026,12:00:00,14.6,77.0,991.2,6.8,Clear sky,204.0,112.2,115.3,973.0,18.2,15.1,65.0,996.4,1.6,Clear sky,40.0,104.0,21.025,0.475
2026-09-01 13:00:00,09-01-2026,13:00:00,15.9,73.0,990.1,6.8,Clear sky,204.0,103.8,107.1,904.0,14.4,16.2,58.0,995.4,1.4,Clear sky,34.0,80.0,24.475,0.483333333
2026-09-01 14:00:00,09-01-2026,14:00:00,16.6,70.0,989.2,7.3,Clear sky,205.0,96.2,99.4,906.0,14.8,16.8,57.0,994.6,2.6,Clear sky,29.0,70.0,32.55,0.583333333
2026-09-01 15:00:00,09-01-2026,15:00:00,16.8,70.0,988.9,8.0,Clear sky,205.0,92.4,95.5,1031.0,22.5,16.9,58.0,994.1,3.1,Clear sky,33.0,77.0,40.15,0.753333333
2026-09-01 16:00:00,09-01-2026,16:00:00,16.2,72.0,988.8,7.1,Clear sky,205.0,93.4,95.9,1226.0,34.3,16.4,65.0,994.0,3.8,Clear sky,40.0,98.0,41.175,0.786666667
2026-09-01 17:00:00,09-01-2026,17:00:00,14.5,80.0,988.9,6.3,Mainly clear,205.0,149.0,152.7,1380.0,61.5,14.2,78.0,993.4,4.6,Clear sky,35.0,98.0,43.95,0.43
2026-09-01 18:00:00,09-01-2026,18:00:00,12.1,86.0,990.4,3.3,Clear sky,205.0,162.5,165.8,1443.0,64.2,13.2,81.0,993.8,5.8,Clear sky,38.0,68.0,37.575,0.725
2026-09-01 19:00:00,09-01-2026,19:00:00,11.4,89.0,990.7,4.6,Clear sky,204.0,165.8,169.0,1464.0,67.7,12.2,84.0,994.2,7.6,Clear sky,36.0,87.0,52.7,1.243333333
2026-09-01 20:00:00,,,,,,,,,,,,,11.4,87.0,994.5,8.3,Clear sky,46.0,119.0,62.15,1.62
2026-09-01 21:00:00,,,,,,,,,,,,,10.6,90.0,994.3,7.6,Clear sky,63.0,147.0,62.425,1.7275
2026-09-01 22:00:00,,,,,,,,,,,,,10.1,91.0,994.3,6.3,Clear sky,64.0,176.0,50.65,1.3475
2026-09-01 23:00:00,,,,,,,,,,,,,9.6,94.0,994.1,5.5,Clear sky,46.0,128.0,49.575,0.995
2026-09-02 00:00:00,09-02-2026,00:00:00,11.6,95.0,993.1,9.5,Clear sky,195.0,141.6,143.4,968.0,27.3,12.5,80.0,988.6,4.3,Partly cloudy,40.0,119.0,34.05,0.7275
2026-09-02 01:00:00,,,,,,,,,,,,,11.9,81.0,988.2,3.1,Partly cloudy,39.0,97.0,25.9,0.573333333
2026-09-02 02:00:00,,,,,,,,,,,,,11.2,83.0,988.2,2.6,Partly cloudy,33.0,80.0,15.175,0.4725
2026-09-02 03:00:00,,,,,,,,,,,,,10.5,86.0,987.8,2.2,Partly cloudy,36.0,66.0,17.425,0.4375
2026-09-02 04:00:00,,,,,,,,,,,,,9.9,88.0,987.2,1.3,Partly cloudy,62.0,95.0,18.375,0.45
2026-09-02 05:00:00,,,,,,,,,,,,,9.6,93.0,987.4,3.4,Partly cloudy,62.0,97.0,20.775,0.48
2026-09-02 06:00:00,,,,,,,,,,,,,10.1,92.0,988.1,3.2,Partly cloudy,40.0,86.0,21.775,0.54
2026-09-02 07:00:00,,,,,,,,,,,,,10.1,92.0,988.9,3.5,Partly cloudy,34.0,77.0,19.35,0.583333333
2026-09-02 08:00:00,09-02-2026,08:00:00,11.2,98.0,995.3,9.1,Overcast,192.0,129.9,130.9,997.0,24.4,12.4,83.0,990.1,4.1,Partly cloudy,46.0,87.0,14.425,0.575
2026-09-02 09:00:00,09-02-2026,09:00:00,11.6,97.0,995.9,9.1,Overcast,191.0,123.4,124.8,979.0,22.1,15.6,71.0,991.1,1.8,Partly cloudy,44.0,95.0,17.225,0.5775
2026-09-02 10:00:00,09-02-2026,10:00:00,13.1,91.0,995.7,9.6,Overcast,191.0,111.3,112.5,916.0,17.0,18.8,56.0,992.0,2.3,Partly cloudy,46.0,96.0,14.225,0.52
2026-09-02 11:00:00,09-02-2026,11:00:00,14.2,87.0,995.2,10.9,Overcast,190.0,102.4,103.6,845.0,12.9,21.2,44.0,991.9,3.2,Partly cloudy,33.0,88.0,15.775,0.42
2026-09-02 12:00:00,09-02-2026,12:00:00,15.6,79.0,994.2,12.9,Overcast,190.0,95.2,96.4,754.0,10.5,23.1,35.0,991.3,3.0,Partly cloudy,25.0,63.0,11.775,0.3775
2026-09-02 13:00:00,09-02-2026,13:00:00,17.0,71.0,993.0,13.1,Mainly clear,189.0,89.4,90.6,655.0,9.0,24.1,30.0,990.3,2.3,Partly cloudy,16.0,55.0,12.925,0.38
2026-09-02 14:00:00,09-02-2026,14:00:00,17.8,68.0,991.8,10.2,Clear sky,189.0,83.8,84.8,624.0,9.8,24.6,28.0,989.2,1.8,Partly cloudy,14.0,53.0,12.45,0.3875
2026-09-02 15:00:00,,,,,,,,,,,,,24.8,28.0,989.0,2.3,Partly cloudy,24.0,57.0,12.75,0.3625
2026-09-02 16:00:00,09-02-2026,16:00:00,17.1,72.0,991.0,9.3,Clear sky,188.0,80.3,81.0,881.0,22.0,23.9,33.0,988.9,6.2,Partly cloudy,23.0,64.0,12.125,0.4025
2026-09-02 17:00:00,09-02-2026,17:00:00,15.9,78.0,991.0,8.6,Clear sky,187.0,86.8,87.5,1010.0,36.7,21.9,46.0,988.4,6.3,Clear sky,25.0,60.0,11.875,0.39
2026-09-02 18:00:00,09-02-2026,18:00:00,13.9,85.0,992.5,5.7,Mainly clear,186.0,97.3,98.0,1071.0,38.5,19.4,55.0,988.7,5.0,Partly cloudy,31.0,76.0,13.675,0.485
2026-09-02 19:00:00,09-02-2026,19:00:00,13.6,87.0,992.4,6.3,Clear sky,184.0,103.8,104.5,1098.0,40.8,18.5,56.0,989.4,4.9,Partly cloudy,33.0,87.0,20.85,0.59
2026-09-02 20:00:00,09-02-2026,20:00:00,12.9,89.0,992.8,7.0,Clear sky,183.0,107.6,108.3,1093.0,40.8,18.4,55.0,989.8,6.1,Clear sky,38.0,124.0,27.35,0.7175
2026-09-02 21:00:00,09-02-2026,21:00:00,12.4,91.0,992.8,7.7,Clear sky,182.0,108.3,109.2,1047.0,36.9,17.2,61.0,990.1,5.8,Clear sky,58.0,131.0,23.725,0.775
2026-09-02 22:00:00,,,,,,,,,,,,,16.3,64.0,990.0,5.8,Clear sky,45.0,124.0,19.85,0.69
2026-09-02 23:00:00,,,,,,,,,,,,,15.9,67.0,989.6,5.7,Clear sky,40.0,98.0,19.175,0.6075
2026-09-03 00:00:00,,,,,,,,,,,,,,,,,,41.0,93.0,12.66666667,0.516666667
2026-09-03 01:00:00,,,,,,,,,,,,,,,,,,35.0,70.0,13.325,0.49
2026-09-03 02:00:00,,,,,,,,,,,,,,,,,,38.0,77.0,15.85,0.5225
2026-09-03 03:00:00,,,,,,,,,,,,,,,,,,40.0,79.0,15.225,0.5825
2026-09-03 04:00:00,,,,,,,,,,,,,,,,,,55.0,87.0,12.55,0.52
2026-09-03 05:00:00,,,,,,,,,,,,,,,,,,36.0,73.0,17.225,0.5675
2026-09-03 06:00:00,,,,,,,,,,,,,,,,,,42.0,91.0,22.5,0.655
2026-09-03 07:00:00,,,,,,,,,,,,,,,,,,52.0,110.0,18.525,0.62
2026-09-03 08:00:00,,,,,,,,,,,,,,,,,,47.0,95.0,12.25,0.53
2026-09-03 09:00:00,09-03-2026,09:00:00,12.3,88.0,994.4,12.9,Overcast,271.0,154.1,155.5,1270.0,34.6,,,,,,40.0,79.0,11.35,0.4775
2026-09-03 10:00:00,09-03-2026,10:00:00,13.6,85.0,994.2,10.8,Overcast,266.0,136.0,137.4,1155.0,28.7,,,,,,28.0,80.0,13.575,0.4675
2026-09-03 11:00:00,09-03-2026,11:00:00,14.6,81.0,994.1,5.5,Overcast,261.0,129.5,131.3,1065.0,25.0,,,,,,36.0,74.0,11.6,0.44
2026-09-03 12:00:00,09-03-2026,12:00:00,15.9,74.0,993.1,3.1,Drizzle: Light,258.0,125.3,127.1,1007.0,25.2,,,,,,33.0,73.0,11.3,0.4375
2026-09-03 13:00:00,09-03-2026,13:00:00,16.2,73.0,991.6,1.9,Overcast,255.0,127.1,129.9,973.0,27.5,,,,,,35.0,70.0,8.925,0.39
2026-09-03 14:00:00,09-03-2026,14:00:00,16.4,73.0,990.8,1.9,Overcast,254.0,129.0,131.8,1025.0,31.8,,,,,,35.0,60.0,10.9,0.3275
2026-09-03 15:00:00,,,,,,,,,,,,,,,,,,23.0,58.0,12.45,0.3625
2026-09-03 16:00:00,,,,,,,,,,,,,,,,,,33.0,62.0,12.425,0.335
2026-09-03 17:00:00,09-03-2026,17:00:00,14.4,85.0,989.6,6.8,Drizzle: Light,254.0,139.7,144.4,1764.0,70.4,,,,,,25.0,62.0,11.8,0.3625
2026-09-03 18:00:00,09-03-2026,18:00:00,13.6,94.0,990.8,8.5,Drizzle: Moderate,250.0,113.4,118.3,1629.0,64.1,,,,,,24.0,59.0,15.875,0.4425
2026-09-03 19:00:00,09-03-2026,19:00:00,13.1,92.0,990.6,12.5,Rain: Slight,243.0,111.1,115.0,1339.0,55.2,,,,,,36.0,84.0,18.55,0.706666667
2026-09-03 20:00:00,09-03-2026,20:00:00,12.6,89.0,991.1,8.9,Drizzle: Light,236.0,101.5,105.5,1097.0,47.5,,,,,,29.0,86.0,26.275,0.82
2026-09-03 21:00:00,09-03-2026,21:00:00,11.7,91.0,991.6,7.6,Drizzle: Light,228.0,97.1,100.6,995.0,42.9,,,,,,40.0,120.0,29.25,0.8925
2026-09-03 22:00:00,,,,,,,,,,,,,,,,,,45.0,145.0,25.85,0.835
2026-09-03 23:00:00,,,,,,,,,,,,,,,,,,36.0,97.0,26.575,0.7725
2026-10-01 00:00:00,,,,,,,,,,,,,9.1,96.0,993.7,5.9,Clear sky,20.0,81.0,34.35,0.35
2026-10-01 01:00:00,,,,,,,,,,,,,8.6,97.0,993.5,6.6,Clear sky,20.0,74.0,36.7,0.23
2026-10-01 02:00:00,,,,,,,,,,,,,8.3,97.0,993.4,6.6,Clear sky,19.0,66.0,34.6,0.22
2026-10-01 03:00:00,,,,,,,,,,,,,7.2,98.0,993.1,5.4,Clear sky,8.0,48.0,25.35,0.15
2026-10-01 04:00:00,,,,,,,,,,,,,6.3,99.0,992.8,5.0,Clear sky,11.0,46.0,29.025,0.2675
2026-10-01 05:00:00,,,,,,,,,,,,,6.4,99.0,992.7,4.8,Clear sky,42.0,98.0,30.425,0.315
2026-10-01 06:00:00,,,,,,,,,,,,,5.4,100.0,993.1,4.6,Clear sky,42.0,84.0,27.75,0.52
2026-10-01 07:00:00,,,,,,,,,,,,,5.1,100.0,993.4,4.8,Clear sky,47.0,92.0,17.6,0.223333333
2026-10-01 08:00:00,,,,,,,,,,,,,7.2,97.0,994.2,6.0,Partly cloudy,25.0,69.0,13.5,0.175
2026-10-01 09:00:00,,,,,,,,,,,,,9.1,92.0,995.4,4.8,Clear sky,22.0,85.0,12.85,0.1525
2026-10-01 10:00:00,,,,,,,,,,,,,11.3,84.0,995.8,5.1,Clear sky,17.0,65.0,11.35,0.1975
2026-10-01 11:00:00,,,,,,,,,,,,,13.3,75.0,995.4,5.9,Clear sky,24.0,88.0,13.55,0.175
2026-10-01 12:00:00,,,,,,,,,,,,,15.1,66.0,994.6,6.4,Clear sky,20.0,74.0,11.0,0.1425
2026-10-01 13:00:00,10-01-2026,13:00:00,17.6,69.0,993.4,6.7,Partly cloudy,197.0,107.1,112.9,1244.0,11.2,16.4,59.0,993.3,7.2,Clear sky,16.0,59.0,10.325,0.126666667
2026-10-01 14:00:00,10-01-2026,14:00:00,18.3,66.0,992.7,7.6,Overcast,197.0,100.4,105.7,1253.0,12.5,17.0,54.0,992.8,8.0,Clear sky,11.0,53.0,10.925,0.135
2026-10-01 15:00:00,10-01-2026,15:00:00,18.4,66.0,992.6,7.9,Overcast,197.0,97.8,102.4,1486.0,20.6,16.9,55.0,992.5,8.5,Clear sky,14.0,54.0,15.35,0.1375
2026-10-01 16:00:00,10-01-2026,16:00:00,17.9,71.0,992.7,5.7,Overcast,197.0,100.8,104.3,1842.0,32.6,16.1,60.0,992.6,8.7,Clear sky,16.0,75.0,10.825,0.1475
2026-10-01 17:00:00,10-01-2026,17:00:00,16.0,79.0,992.5,4.4,Overcast,197.0,131.3,136.4,2121.0,50.7,14.5,68.0,992.5,7.9,Clear sky,19.0,62.0,18.275,0.1925
2026-10-01 18:00:00,10-01-2026,18:00:00,13.6,83.0,993.6,4.4,Overcast,197.0,144.4,148.5,2239.0,55.9,13.1,73.0,993.0,8.0,Clear sky,18.0,90.0,20.2,0.35
2026-10-01 19:00:00,10-01-2026,19:00:00,13.2,84.0,993.7,4.7,Overcast,196.0,155.5,159.7,2280.0,63.1,11.9,76.0,993.7,8.8,Clear sky,47.0,124.0,32.2,0.703333333
2026-10-01 20:00:00,10-01-2026,20:00:00,12.4,86.0,993.9,4.7,Overcast,196.0,169.0,173.2,2292.0,68.0,10.9,80.0,994.2,8.9,Clear sky,105.0,187.0,29.575,0.7625
2026-10-01 21:00:00,10-01-2026,21:00:00,11.9,88.0,994.1,3.8,Overcast,196.0,182.5,187.2,2293.0,68.9,10.1,83.0,994.7,8.6,Clear sky,105.0,202.0,29.975,0.7475
2026-10-01 22:00:00,10-01-2026,22:00:00,11.2,90.0,994.4,3.0,Overcast,196.0,194.6,198.8,2266.0,67.6,9.4,86.0,994.8,7.6,Clear sky,97.0,180.0,33.65,0.69
2026-10-01 23:00:00,10-01-2026,23:00:00,10.5,93.0,993.9,2.7,Overcast,197.0,196.5,200.2,2206.0,64.7,8.8,89.0,994.9,7.0,Clear sky,79.0,154.0,26.6,0.5625
2026-10-02 00:00:00,,,,,,,,,,,,,15.4,68.0,989.3,6.1,Clear sky,69.0,130.0,28.275,0.5425
2026-10-02 01:00:00,,,,,,,,,,,,,14.6,72.0,989.0,5.4,Clear sky,88.0,135.0,26.6,0.45
2026-10-02 02:00:00,,,,,,,,,,,,,14.0,75.0,988.8,5.2,Clear sky,85.0,131.0,28.0,0.47
2026-10-02 03:00:00,,,,,,,,,,,,,13.2,77.0,988.4,5.6,Partly cloudy,78.0,121.0,29.925,0.3675
2026-10-02 04:00:00,,,,,,,,,,,,,12.9,79.0,988.1,6.0,Partly cloudy,68.0,115.0,30.8,0.4525
2026-10-02 05:00:00,,,,,,,,,,,,,12.3,84.0,988.7,4.8,Partly cloudy,66.0,118.0,32.55,0.4975
2026-10-02 06:00:00,,,,,,,,,,,,,12.4,85.0,989.1,4.9,Partly cloudy,79.0,148.0,34.425,0.865
2026-10-02 07:00:00,,,,,,,,,,,,,12.3,85.0,990.1,4.9,Clear sky,123.0,209.0,37.125,0.766666667
2026-10-02 08:00:00,10-02-2026,08:00:00,11.2,98.0,994.0,8.5,Overcast,192.0,129.9,130.9,993.0,24.4,14.6,74.0,991.1,5.8,Partly cloudy,94.0,212.0,34.175,0.64
2026-10-02 09:00:00,10-02-2026,09:00:00,11.6,98.0,994.4,8.3,Overcast,191.0,123.4,124.8,962.0,22.1,17.2,62.0,991.7,3.3,Clear sky,75.0,190.0,28.375,0.59
2026-10-02 10:00:00,10-02-2026,10:00:00,12.9,92.0,994.3,8.9,Overcast,191.0,111.3,112.5,878.0,17.0,20.4,50.0,992.2,4.1,Clear sky,73.0,162.0,14.875,0.3675
2026-10-02 11:00:00,10-02-2026,11:00:00,14.2,87.0,993.8,10.8,Overcast,190.0,102.4,103.6,794.0,12.9,23.0,41.0,992.2,5.4,Clear sky,47.0,112.0,13.4,0.3075
2026-10-02 12:00:00,,,,,,,,,,,,,25.1,33.0,991.7,5.7,Clear sky,51.0,118.0,14.3,0.31
2026-10-02 13:00:00,10-02-2026,13:00:00,17.0,71.0,991.6,12.8,Mainly clear,189.0,89.4,90.6,616.0,9.0,26.1,30.0,990.7,5.7,Clear sky,50.0,120.0,12.75,0.386666667
2026-10-02 14:00:00,10-02-2026,14:00:00,17.6,69.0,990.4,9.8,Clear sky,189.0,83.8,84.8,585.0,9.8,26.6,29.0,989.8,5.5,Clear sky,48.0,124.0,16.25,0.365
2026-10-02 15:00:00,10-02-2026,15:00:00,17.6,69.0,989.8,9.5,Clear sky,188.0,80.8,81.7,659.0,14.7,26.6,28.0,989.4,5.2,Clear sky,48.0,110.0,17.275,0.395
2026-10-02 16:00:00,10-02-2026,16:00:00,17.0,73.0,989.6,9.3,Clear sky,188.0,80.3,81.0,791.0,22.0,25.9,31.0,989.4,7.0,Clear sky,52.0,114.0,22.425,0.42
2026-10-02 17:00:00,10-02-2026,17:00:00,15.6,78.0,989.6,8.3,Clear sky,187.0,86.8,87.5,900.0,36.7,23.0,54.0,989.5,10.3,Clear sky,48.0,124.0,24.125,0.435
2026-10-02 18:00:00,10-02-2026,18:00:00,13.8,86.0,991.0,5.5,Clear sky,186.0,97.3,98.0,962.0,38.5,21.7,55.0,990.1,7.3,Clear sky,63.0,137.0,28.05,0.7
2026-10-02 19:00:00,,,,,,,,,,,,,20.6,59.0,991.0,4.7,Clear sky,86.0,181.0,25.6,0.666666667
2026-10-02 20:00:00,10-02-2026,20:00:00,12.8,89.0,991.3,6.8,Clear sky,183.0,107.6,108.3,1009.0,40.8,19.6,63.0,991.7,4.8,Clear sky,78.0,175.0,21.15,0.495
2026-10-02 21:00:00,10-02-2026,21:00:00,12.2,91.0,991.4,7.0,Clear sky,182.0,108.3,109.2,976.0,36.9,18.9,65.0,992.4,7.1,Clear sky,74.0,173.0,33.15,0.515
2026-10-02 22:00:00,10-02-2026,22:00:00,11.6,91.0,991.1,7.3,Clear sky,181.0,107.8,108.7,913.0,30.7,18.1,67.0,992.7,8.8,Clear sky,73.0,165.0,49.2,0.665
2026-10-02 23:00:00,10-02-2026,23:00:00,11.1,90.0,990.5,7.9,Clear sky,180.0,104.1,105.2,848.0,25.0,17.5,73.0,992.6,5.4,Clear sky,79.0,191.0,30.125,0.59
2026-10-03 00:00:00,,,,,,,,,,,,,,,,,,89.0,168.0,18.7,0.46
2026-10-03 01:00:00,,,,,,,,,,,,,,,,,,70.0,147.0,15.725,0.413333333
2026-10-03 02:00:00,,,,,,,,,,,,,,,,,,75.0,147.0,12.6,0.39
2026-10-03 03:00:00,,,,,,,,,,,,,,,,,,91.0,163.0,19.075,0.445
2026-10-03 04:00:00,,,,,,,,,,,,,,,,,,89.0,156.0,15.75,0.43
2026-10-03 05:00:00,,,,,,,,,,,,,,,,,,81.0,143.0,16.45,0.46
2026-10-03 06:00:00,,,,,,,,,,,,,,,,,,94.0,158.0,27.075,0.565
2026-10-03 07:00:00,,,,,,,,,,,,,,,,,,80.0,162.0,30.0,0.616666667
2026-10-03 08:00:00,,,,,,,,,,,,,,,,,,85.0,168.0,23.575,0.6
2026-10-03 09:00:00,10-03-2026,09:00:00,12.1,90.0,992.7,11.9,Partly cloudy,248.0,153.7,155.1,1299.0,28.8,,,,,,63.0,156.0,18.65,0.565
2026-10-03 10:00:00,10-03-2026,10:00:00,13.9,84.0,992.6,12.0,Overcast,245.0,137.4,139.7,1127.0,22.8,,,,,,73.0,156.0,15.6,0.5
2026-10-03 11:00:00,10-03-2026,11:00:00,15.4,78.0,992.4,6.5,Overcast,241.0,131.3,133.6,992.0,19.0,,,,,,56.0,132.0,15.75,0.425
2026-10-03 12:00:00,10-03-2026,12:00:00,16.3,74.0,991.2,2.7,Overcast,239.0,126.7,129.5,905.0,18.9,,,,,,44.0,126.0,15.725,0.395
2026-10-03 13:00:00,10-03-2026,13:00:00,16.7,72.0,990.0,1.8,Overcast,238.0,127.1,130.4,855.0,21.1,,,,,,44.0,128.0,14.825,0.416666667
2026-10-03 14:00:00,10-03-2026,14:00:00,16.6,71.0,989.0,0.8,Drizzle: Light,238.0,128.1,131.3,934.0,27.0,,,,,,50.0,135.0,14.55,0.375
2026-10-03 15:00:00,,,,,,,,,,,,,,,,,,41.0,121.0,13.225,0.33
2026-10-03 16:00:00,10-03-2026,16:00:00,16.2,75.0,988.3,5.8,Drizzle: Moderate,240.0,133.2,136.0,1746.0,58.3,,,,,,34.0,125.0,14.25,0.3875
2026-10-03 17:00:00,10-03-2026,17:00:00,14.9,84.0,988.0,6.0,Drizzle: Dense,241.0,150.4,154.1,2032.0,65.5,,,,,,45.0,123.0,17.475,0.45
2026-10-03 18:00:00,10-03-2026,18:00:00,13.4,92.0,989.3,4.5,Rain: Slight,238.0,136.0,140.2,1969.0,60.0,,,,,,56.0,156.0,23.325,0.5925
2026-10-03 19:00:00,,,,,,,,,,,,,,,,,,55.0,176.0,33.425,0.9
2026-10-03 20:00:00,10-03-2026,20:00:00,12.8,89.0,989.5,8.0,Drizzle: Light,228.0,112.0,116.2,1472.0,45.9,,,,,,79.0,190.0,34.6,1.0075
2026-10-03 21:00:00,10-03-2026,21:00:00,12.2,87.0,989.8,9.4,Drizzle: Light,222.0,107.1,111.1,1266.0,43.1,,,,,,73.0,198.0,43.025,1.1425
2026-10-03 22:00:00,10-03-2026,22:00:00,11.5,89.0,990.0,7.0,Drizzle: Light,216.0,110.8,114.8,1056.0,41.6,,,,,,85.0,222.0,78.575,2.34
2026-10-03 23:00:00,10-03-2026,23:00:00,11.2,91.0,990.2,4.7,Mainly clear,210.0,109.2,112.9,877.0,38.5,,,,,,90.0,317.0,73.975,2.555
2026-11-01 00:00:00,11-01-2026,00:00:00,8.9,96.0,991.9,4.7,Clear sky,197.0,167.6,170.4,1427.0,35.3,8.2,91.0,994.9,7.1,Clear sky,185.0,362.0,100.825,4.3475
2026-11-01 01:00:00,11-01-2026,01:00:00,8.6,97.0,991.3,4.6,Clear sky,197.0,163.0,165.8,1335.0,27.3,7.7,92.0,995.0,7.1,Clear sky,182.0,374.0,96.175,4.046666667
2026-11-01 02:00:00,,,,,,,,,,,,,7.2,94.0,995.1,7.6,Clear sky,197.0,467.0,99.5,4.4
2026-11-01 03:00:00,,,,,,,,,,,,,6.8,95.0,995.1,7.5,Clear sky,226.0,460.0,77.8,3.235
2026-11-01 04:00:00,,,,,,,,,,,,,6.3,96.0,995.0,7.4,Clear sky,230.0,439.0,64.65,2.5475
2026-11-01 05:00:00,,,,,,,,,,,,,5.8,98.0,995.2,7.1,Clear sky,282.0,436.0,59.15,2.6775
2026-11-01 06:00:00,,,,,,,,,,,,,4.6,98.0,995.4,4.7,Clear sky,251.0,394.0,58.625,2.245
2026-11-01 07:00:00,,,,,,,,,,,,,4.1,100.0,995.9,4.2,Clear sky,245.0,388.0,59.05,2.216666667
2026-11-01 08:00:00,,,,,,,,,,,,,6.1,96.0,996.7,6.9,Clear sky,245.0,379.0,76.525,2.3375
2026-11-01 09:00:00,11-01-2026,09:00:00,11.5,90.0,994.0,6.6,Overcast,196.0,149.5,152.7,1677.0,26.2,8.1,89.0,997.8,6.1,Clear sky,259.0,458.0,89.375,2.4575
2026-11-01 10:00:00,11-01-2026,10:00:00,13.3,84.0,994.3,5.6,Mainly clear,197.0,139.2,143.9,1535.0,21.2,10.4,80.0,998.7,6.2,Clear sky,294.0,492.0,110.875,2.6175
2026-11-01 11:00:00,11-01-2026,11:00:00,15.1,78.0,993.8,5.5,Partly cloudy,197.0,129.5,134.6,1404.0,17.0,12.2,70.0,998.5,7.3,Clear sky,287.0,517.0,78.375,2.26
2026-11-01 12:00:00,11-01-2026,12:00:00,16.5,72.0,992.9,6.4,Overcast,197.0,118.5,123.9,1283.0,13.7,14.2,60.0,997.5,6.9,Clear sky,202.0,388.0,50.3,1.88
2026-11-01 13:00:00,11-01-2026,13:00:00,17.6,68.0,992.0,7.0,Overcast,197.0,107.1,112.9,1173.0,11.2,15.6,52.0,996.6,7.9,Clear sky,172.0,329.0,26.625,1.5
2026-11-01 14:00:00,11-01-2026,14:00:00,18.2,65.0,991.3,7.6,Overcast,197.0,100.4,105.7,1165.0,12.5,16.1,49.0,995.7,8.8,Clear sky,125.0,274.0,22.25,1.4125
2026-11-01 15:00:00,11-01-2026,15:00:00,18.3,65.0,991.2,7.9,Overcast,197.0,97.8,102.4,1344.0,20.6,16.1,49.0,995.0,9.3,Clear sky,110.0,234.0,18.35,1.1575
2026-11-01 16:00:00,,,,,,,,,,,,,15.3,54.0,994.7,8.7,Clear sky,77.0,189.0,23.025,1.3125
2026-11-01 17:00:00,,,,,,,,,,,,,13.6,64.0,994.3,7.8,Clear sky,61.0,199.0,43.05,1.655
2026-11-01 18:00:00,,,,,,,,,,,,,11.9,71.0,994.7,8.2,Clear sky,83.0,265.0,88.925,2.4325
2026-11-01 19:00:00,11-01-2026,19:00:00,13.1,83.0,992.1,3.2,Overcast,196.0,155.5,159.7,2030.0,63.1,10.6,76.0,994.8,9.6,Clear sky,145.0,416.0,73.15,3.22
2026-11-01 20:00:00,11-01-2026,20:00:00,12.5,85.0,992.5,3.0,Overcast,196.0,169.0,173.2,2061.0,68.0,9.9,78.0,994.9,10.4,Clear sky,185.0,501.0,78.2,3.38
2026-11-01 21:00:00,11-01-2026,21:00:00,11.8,88.0,992.7,2.9,Overcast,196.0,182.5,187.2,2070.0,68.9,9.1,81.0,995.0,9.4,Clear sky,218.0,497.0,77.625,5.0525
2026-11-01 22:00:00,11-01-2026,22:00:00,10.9,91.0,992.8,3.5,Overcast,196.0,194.6,198.8,2051.0,67.6,8.4,85.0,995.1,8.2,Clear sky,293.0,542.0,69.575,4.3
2026-11-01 23:00:00,11-01-2026,23:00:00,10.1,94.0,992.3,2.9,Overcast,197.0,196.5,200.2,2006.0,64.7,7.8,88.0,995.3,9.5,Clear sky,291.0,516.0,60.025,4.69
2026-11-02 00:00:00,,,,,,,,,,,,,17.0,75.0,992.4,4.2,Clear sky,283.0,471.0,58.775,4.31
2026-11-02 01:00:00,,,,,,,,,,,,,16.6,77.0,992.3,2.8,Clear sky,290.0,462.0,62.475,3.333333333
2026-11-02 02:00:00,,,,,,,,,,,,,15.5,82.0,991.9,4.8,Clear sky,285.0,448.0,43.6,3.19
2026-11-02 03:00:00,,,,,,,,,,,,,14.1,88.0,991.8,4.1,Clear sky,273.0,407.0,49.5,2.6725
2026-11-02 04:00:00,,,,,,,,,,,,,13.2,91.0,991.5,3.9,Clear sky,254.0,388.0,59.125,2.345
2026-11-02 05:00:00,,,,,,,,,,,,,13.6,86.0,991.7,5.4,Clear sky,293.0,428.0,52.625,2.1775
2026-11-02 06:00:00,,,,,,,,,,,,,13.0,89.0,992.3,4.2,Clear sky,284.0,412.0,49.5,2.095
2026-11-02 07:00:00,11-02-2026,07:00:00,10.8,99.0,993.8,10.2,Overcast,197.0,132.7,134.1,788.0,23.0,12.9,90.0,992.9,3.5,Clear sky,276.0,410.0,49.2,2.01
2026-11-02 08:00:00,11-02-2026,08:00:00,11.1,98.0,994.7,9.8,Overcast,196.0,136.9,137.8,805.0,26.4,15.1,79.0,993.8,4.5,Clear sky,285.0,440.0,40.5,2.0275
2026-11-02 09:00:00,11-02-2026,09:00:00,11.5,98.0,995.1,10.2,Overcast,196.0,131.8,133.2,780.0,24.3,18.1,66.0,995.0,4.4,Clear sky,307.0,448.0,27.625,1.8975
2026-11-02 10:00:00,11-02-2026,10:00:00,12.9,92.0,995.0,10.3,Overcast,195.0,116.2,117.6,730.0,19.4,21.4,56.0,995.8,5.9,Clear sky,256.0,362.0,23.475,1.6425
2026-11-02 11:00:00,11-02-2026,11:00:00,14.3,86.0,994.6,11.7,Overcast,194.0,105.2,106.4,676.0,15.2,23.5,48.0,995.4,8.7,Clear sky,173.0,263.0,17.825,1.2925
2026-11-02 12:00:00,11-02-2026,12:00:00,15.8,78.0,993.5,13.7,Overcast,194.0,97.6,98.7,609.0,12.1,24.9,44.0,994.5,9.6,Clear sky,112.0,189.0,13.5,1.2175
2026-11-02 13:00:00,,,,,,,,,,,,,25.5,42.0,993.6,10.5,Clear sky,94.0,191.0,10.45,1.106666667
2026-11-02 14:00:00,,,,,,,,,,,,,25.6,42.0,993.0,11.2,Clear sky,95.0,191.0,10.0,1.105
2026-11-02 15:00:00,,,,,,,,,,,,,25.4,43.0,992.6,11.5,Clear sky,97.0,185.0,12.3,1.15
2026-11-02 16:00:00,,,,,,,,,,,,,24.8,45.0,992.3,11.1,Clear sky,100.0,199.0,16.55,1.2075
2026-11-02 17:00:00,11-02-2026,17:00:00,15.4,78.0,990.4,9.1,Clear sky,192.0,85.9,86.6,703.0,41.2,23.6,48.0,992.1,9.1,Clear sky,100.0,207.0,34.7,1.4325
2026-11-02 18:00:00,11-02-2026,18:00:00,13.6,87.0,991.7,5.6,Clear sky,190.0,99.0,99.7,759.0,43.8,21.6,58.0,992.5,7.1,Clear sky,128.0,273.0,42.625,1.6375
2026-11-02 19:00:00,11-02-2026,19:00:00,12.9,89.0,991.7,6.4,Clear sky,188.0,105.2,105.7,808.0,47.0,20.2,65.0,993.0,7.7,Clear sky,156.0,298.0,46.6,1.83
2026-11-02 20:00:00,11-02-2026,20:00:00,12.2,91.0,992.0,7.6,Clear sky,186.0,107.1,107.8,837.0,47.4,19.2,66.0,993.1,9.8,Clear sky,191.0,323.0,48.5,1.795
2026-11-02 21:00:00,11-02-2026,21:00:00,11.6,93.0,992.1,8.1,Clear sky,184.0,105.9,106.6,840.0,42.6,18.4,64.0,993.3,10.7,Clear sky,311.0,464.0,55.9,1.725
2026-11-02 22:00:00,11-02-2026,22:00:00,11.1,93.0,991.7,8.3,Clear sky,183.0,104.5,105.2,823.0,34.8,17.6,63.0,993.1,11.3,Clear sky,392.0,511.0,66.175,1.8375
2026-11-02 23:00:00,11-02-2026,23:00:00,10.4,93.0,991.1,7.6,Clear sky,181.0,100.4,101.3,793.0,27.8,17.0,66.0,993.1,12.3,Clear sky,513.5,748.75,55.65,1.7475
2026-11-03 00:00:00,,,,,,,,,,,,,,,,,,775.0,,43.63333333,2.033333333
2026-11-03 01:00:00,,,,,,,,,,,,,,,,,,857.5,,35.375,2.106666667
2026-11-03 02:00:00,,,,,,,,,,,,,,,,,,443.0,506.0,28.8,2.0575
2026-11-03 03:00:00,,,,,,,,,,,,,,,,,,442.0,520.0,26.05,2.17
2026-11-03 04:00:00,,,,,,,,,,,,,,,,,,462.0,527.0,25.05,2.2025
2026-11-03 05:00:00,,,,,,,,,,,,,,,,,,456.0,514.0,25.7,2.215
2026-11-03 06:00:00,,,,,,,,,,,,,,,,,,420.0,480.0,26.05,1.9575
2026-11-03 07:00:00,,,,,,,,,,,,,,,,,,342.0,425.0,30.85,1.576666667
2026-11-03 08:00:00,,,,,,,,,,,,,,,,,,252.0,362.0,29.275,1.18
2026-11-03 09:00:00,,,,,,,,,,,,,,,,,,205.0,328.0,19.625,1.0125
2026-11-03 10:00:00,11-03-2026,10:00:00,14.9,87.0,997.0,3.5,Partly cloudy,173.0,82.9,85.2,1707.0,37.4,,,,,,163.0,271.0,18.1,0.9975
2026-11-03 11:00:00,11-03-2026,11:00:00,16.5,78.0,996.3,4.0,Mainly clear,172.0,79.2,81.5,861.0,30.0,,,,,,135.0,243.0,17.525,0.9675
2026-11-03 12:00:00,11-03-2026,12:00:00,17.5,71.0,995.1,3.3,Drizzle: Light,171.0,74.7,77.5,561.0,24.3,,,,,,119.0,215.0,15.65,0.925
2026-11-03 13:00:00,11-03-2026,13:00:00,18.0,71.0,994.2,0.6,Overcast,170.0,74.0,76.6,519.0,20.1,,,,,,102.0,189.0,13.475,0.97
2026-11-03 14:00:00,,,,,,,,,,,,,,,,,,55.0,122.0,11.525,0.91
2026-11-03 15:00:00,11-03-2026,15:00:00,18.1,66.0,993.1,1.4,Mainly clear,168.0,74.0,76.4,1204.0,40.7,,,,,,52.0,100.0,12.125,0.82
2026-11-03 16:00:00,11-03-2026,16:00:00,18.0,65.0,993.4,2.0,Drizzle: Light,167.0,77.8,80.1,1931.0,65.6,,,,,,47.0,111.0,15.2,0.8275
2026-11-03 17:00:00,11-03-2026,17:00:00,16.3,75.0,993.6,5.6,Mainly clear,165.0,101.5,104.1,2364.0,48.6,,,,,,41.0,111.0,32.75,0.9875
2026-11-03 18:00:00,11-03-2026,18:00:00,12.9,93.0,994.5,3.4,Mainly clear,165.0,111.3,113.4,2204.0,48.6,,,,,,44.0,156.0,89.85,3.345
2026-11-03 19:00:00,,,,,,,,,,,,,,,,,,129.0,486.0,85.625,3.54
2026-11-03 20:00:00,11-03-2026,20:00:00,12.5,93.0,995.8,5.5,Clear sky,165.0,112.5,114.3,1396.0,47.5,,,,,,158.0,416.0,83.625,4.285
2026-11-03 21:00:00,11-03-2026,21:00:00,12.0,95.0,996.4,5.5,Clear sky,165.0,111.1,112.9,1310.0,45.7,,,,,,211.0,480.0,70.65,5.06
2026-11-03 22:00:00,11-03-2026,22:00:00,11.4,95.0,996.3,6.0,Clear sky,165.0,115.3,117.1,1326.0,43.2,,,,,,390.0,620.0,66.1,5.515
2026-11-03 23:00:00,,,,,,,,,,,,,,,,,,,,68.975,4.6
2026-12-01 00:00:00,12-01-2026,00:00:00,9.1,96.0,992.6,5.6,Overcast,197.0,162.5,165.3,1451.0,43.5,7.3,90.0,995.2,8.7,Clear sky,252.0,428.0,81.2,7.515
2026-12-01 01:00:00,12-01-2026,01:00:00,7.8,98.0,991.9,4.9,Mainly clear,196.0,154.6,157.9,1364.0,33.1,6.7,91.0,994.9,7.6,Clear sky,295.0,498.0,97.775,7.153333333
2026-12-01 02:00:00,12-01-2026,02:00:00,7.8,98.0,991.6,5.7,Partly cloudy,196.0,147.1,150.4,1298.0,24.6,6.1,92.0,994.8,6.6,Clear sky,320.0,490.0,69.2,6.14
2026-12-01 03:00:00,12-01-2026,03:00:00,7.9,99.0,991.6,7.2,Overcast,195.0,139.7,142.5,1265.0,18.8,5.4,93.0,994.5,5.6,Clear sky,307.0,420.0,60.225,5.12
2026-12-01 04:00:00,,,,,,,,,,,,,4.8,94.0,994.2,5.1,Clear sky,309.0,449.0,57.525,4.425
2026-12-01 05:00:00,,,,,,,,,,,,,4.2,95.0,994.3,4.7,Clear sky,296.0,409.0,47.425,4.42
2026-12-01 06:00:00,,,,,,,,,,,,,4.1,96.0,995.0,5.1,Clear sky,307.0,416.0,50.1,4.2225
2026-12-01 07:00:00,,,,,,,,,,,,,3.7,97.0,995.3,6.0,Clear sky,318.0,449.0,63.65,3.686666667
2026-12-01 08:00:00,,,,,,,,,,,,,4.8,95.0,996.0,5.8,Clear sky,312.0,421.0,81.2,3.89
2026-12-01 09:00:00,12-01-2026,09:00:00,11.2,92.0,994.7,7.0,Overcast,194.0,146.2,149.9,1528.0,29.3,7.5,86.0,997.0,3.2,Clear sky,342.0,458.0,178.575,4.145
2026-12-01 10:00:00,12-01-2026,10:00:00,13.2,84.0,995.0,6.5,Mainly clear,194.0,136.0,141.1,1369.0,23.9,10.4,75.0,997.5,3.1,Clear sky,469.0,653.0,164.925,2.99
2026-12-01 11:00:00,12-01-2026,11:00:00,15.0,77.0,994.5,6.9,Overcast,194.0,126.2,131.8,1229.0,19.1,12.6,65.0,997.7,2.2,Clear sky,387.0,510.0,66.5,1.35
2026-12-01 12:00:00,12-01-2026,12:00:00,16.5,71.0,993.7,8.1,Overcast,194.0,114.3,120.6,1124.0,15.0,14.9,54.0,997.1,2.3,Clear sky,166.0,240.0,23.625,0.6025
2026-12-01 13:00:00,12-01-2026,13:00:00,17.6,65.0,992.8,8.6,Overcast,194.0,103.1,109.4,1038.0,11.6,16.1,46.0,996.2,3.7,Clear sky,81.0,132.0,24.875,0.813333333
2026-12-01 14:00:00,12-01-2026,14:00:00,18.1,64.0,992.1,9.0,Overcast,194.0,95.2,100.6,1021.0,12.9,16.8,43.0,995.5,5.1,Clear sky,121.0,215.0,27.275,0.8175
2026-12-01 15:00:00,12-01-2026,15:00:00,18.2,64.0,991.9,8.8,Overcast,194.0,92.7,97.1,1112.0,22.2,16.7,43.0,995.1,4.5,Clear sky,102.0,169.0,27.475,0.7275
2026-12-01 16:00:00,12-01-2026,16:00:00,17.5,69.0,991.9,6.0,Overcast,194.0,97.1,100.4,1273.0,36.1,16.1,49.0,994.6,2.5,Clear sky,90.0,162.0,30.15,0.7825
2026-12-01 17:00:00,12-01-2026,17:00:00,15.7,78.0,991.8,5.2,Overcast,194.0,138.8,144.4,1434.0,61.1,13.7,64.0,994.6,4.3,Clear sky,90.0,185.0,95.575,1.94
2026-12-01 18:00:00,12-01-2026,18:00:00,13.6,80.0,992.7,5.2,Overcast,194.0,154.6,159.7,1583.0,70.8,12.1,70.0,995.2,4.9,Clear sky,125.0,362.0,105.3,3.1475
2026-12-01 19:00:00,12-01-2026,19:00:00,13.1,83.0,992.8,5.2,Overcast,194.0,168.6,173.2,1733.0,84.2,10.6,77.0,995.5,5.2,Clear sky,134.0,355.0,93.45,5.476666667
2026-12-01 20:00:00,,,,,,,,,,,,,9.8,79.0,996.1,5.7,Clear sky,204.0,444.0,96.3,6.62
2026-12-01 21:00:00,,,,,,,,,,,,,9.3,80.0,996.2,6.1,Clear sky,267.0,564.0,109.375,7.7275
2026-12-01 22:00:00,,,,,,,,,,,,,8.4,84.0,996.2,5.6,Clear sky,267.0,555.0,100.65,6.775
2026-12-01 23:00:00,12-01-2026,23:00:00,9.5,94.0,993.0,4.1,Overcast,196.0,202.1,206.3,2045.0,86.8,8.0,85.0,996.2,3.6,Clear sky,334.0,543.0,104.35,5.6575
2026-12-02 00:00:00,,,,,,,,,,,,,16.2,68.0,992.5,10.5,Clear sky,306.0,528.0,89.375,4.4875
2026-12-02 01:00:00,,,,,,,,,,,,,15.4,70.0,992.5,8.6,Clear sky,301.0,444.0,79.025,4.27
2026-12-02 02:00:00,,,,,,,,,,,,,14.7,71.0,992.4,8.0,Clear sky,307.0,436.0,63.3,4.17
2026-12-02 03:00:00,,,,,,,,,,,,,13.9,74.0,991.8,7.8,Clear sky,299.0,404.0,62.575,2.9175
2026-12-02 04:00:00,,,,,,,,,,,,,13.1,77.0,991.2,7.9,Clear sky,293.0,388.0,67.925,2.86
2026-12-02 05:00:00,,,,,,,,,,,,,12.8,83.0,991.6,9.9,Clear sky,329.0,449.0,64.575,2.5225
2026-12-02 06:00:00,,,,,,,,,,,,,12.2,86.0,991.9,7.1,Clear sky,368.0,484.0,70.1,2.58
2026-12-02 07:00:00,,,,,,,,,,,,,11.7,88.0,992.1,6.5,Clear sky,403.0,495.0,65.175,2.26
2026-12-02 08:00:00,12-02-2026,08:00:00,11.4,98.0,992.4,11.0,Overcast,196.0,136.9,137.8,982.0,26.4,13.2,80.0,993.1,7.0,Clear sky,337.0,458.0,68.575,2.38
2026-12-02 09:00:00,12-02-2026,09:00:00,11.9,95.0,992.9,11.5,Overcast,196.0,131.8,133.2,959.0,24.3,16.0,68.0,994.2,6.2,Clear sky,320.0,422.0,83.825,1.85
2026-12-02 10:00:00,12-02-2026,10:00:00,13.1,90.0,992.8,10.8,Overcast,195.0,116.2,117.6,890.0,19.4,19.0,57.0,994.8,7.4,Clear sky,299.0,412.0,70.55,1.6275
2026-12-02 11:00:00,12-02-2026,11:00:00,14.4,84.0,992.3,11.9,Overcast,194.0,105.2,106.4,814.0,15.2,21.7,50.0,994.6,8.7,Partly cloudy,272.0,393.0,56.275,1.2375
2026-12-02 12:00:00,12-02-2026,12:00:00,15.8,78.0,991.2,13.7,Overcast,194.0,97.6,98.7,723.0,12.1,23.4,39.0,993.7,12.0,Partly cloudy,195.0,259.0,24.05,0.74
2026-12-02 13:00:00,12-02-2026,13:00:00,17.2,68.0,990.1,13.9,Mainly clear,193.0,91.7,92.9,626.0,9.7,23.9,37.0,992.8,11.6,Partly cloudy,80.0,128.0,17.625,0.563333333
2026-12-02 14:00:00,12-02-2026,14:00:00,17.6,67.0,989.0,11.0,Clear sky,193.0,87.1,88.0,594.0,10.2,24.3,34.0,992.1,11.0,Clear sky,57.0,102.0,18.325,0.5325
2026-12-02 15:00:00,,,,,,,,,,,,,24.0,34.0,991.6,10.7,Clear sky,58.0,103.0,24.525,0.633333333
2026-12-02 16:00:00,12-02-2026,16:00:00,17.0,70.0,988.2,10.2,Clear sky,192.0,84.3,85.2,834.0,24.0,23.4,35.0,991.4,10.3,Partly cloudy,72.0,125.0,35.35,0.67
2026-12-02 17:00:00,12-02-2026,17:00:00,15.6,77.0,988.1,10.1,Clear sky,192.0,85.9,86.6,959.0,41.2,21.8,43.0,991.1,9.5,Partly cloudy,70.0,146.0,73.8,1.1425
2026-12-02 18:00:00,12-02-2026,18:00:00,13.9,85.0,989.6,7.8,Mainly clear,190.0,99.0,99.7,1031.0,43.8,20.0,53.0,990.9,6.2,Partly cloudy,81.0,228.0,86.3,2.63
2026-12-02 19:00:00,12-02-2026,19:00:00,13.4,88.0,989.6,7.9,Clear sky,188.0,105.2,105.7,1077.0,47.0,18.6,60.0,991.0,5.7,Partly cloudy,106.0,295.0,67.125,2.953333333
2026-12-02 20:00:00,12-02-2026,20:00:00,12.9,89.0,989.9,8.6,Clear sky,186.0,107.1,107.8,1082.0,47.4,17.2,66.0,991.2,4.7,Partly cloudy,129.0,274.0,73.85,4.1025
2026-12-02 21:00:00,12-02-2026,21:00:00,12.5,91.0,990.0,9.3,Clear sky,184.0,105.9,106.6,1027.0,42.6,16.5,66.0,991.4,4.9,Partly cloudy,160.0,338.0,80.725,4.325
2026-12-02 22:00:00,12-02-2026,22:00:00,12.0,92.0,989.6,10.0,Clear sky,183.0,104.5,105.2,931.0,34.8,15.9,67.0,991.0,3.6,Partly cloudy,211.0,409.0,66.675,3.8375
2026-12-02 23:00:00,,,,,,,,,,,,,15.8,65.0,990.7,6.5,Partly cloudy,241.0,406.0,77.825,3.8525
2026-12-03 00:00:00,,,,,,,,,,,,,,,,,,284.0,455.0,70.1,2.666666667
2026-12-03 01:00:00,,,,,,,,,,,,,,,,,,271.0,381.0,70.925,1.86
2026-12-03 02:00:00,,,,,,,,,,,,,,,,,,252.0,337.0,65.7,1.55
2026-12-03 03:00:00,,,,,,,,,,,,,,,,,,238.0,301.0,48.65,1.365
2026-12-03 04:00:00,,,,,,,,,,,,,,,,,,219.0,287.0,47.3,1.6675
2026-12-03 05:00:00,,,,,,,,,,,,,,,,,,218.0,283.0,41.075,1.4475
2026-12-03 06:00:00,,,,,,,,,,,,,,,,,,197.0,257.0,46.275,1.8525
2026-12-03 07:00:00,,,,,,,,,,,,,,,,,,219.0,291.0,54.0,1.716666667
2026-12-03 08:00:00,12-03-2026,08:00:00,12.1,92.0,994.1,3.2,Clear sky,177.0,92.2,94.1,2785.0,49.1,,,,,,210.0,295.0,52.725,1.5
2026-12-03 09:00:00,12-03-2026,09:00:00,13.8,89.0,995.3,3.3,Mainly clear,175.0,89.4,91.5,2381.0,46.1,,,,,,215.0,291.0,53.75,1.5275
2026-12-03 10:00:00,12-03-2026,10:00:00,14.9,87.0,995.5,4.4,Overcast,173.0,82.9,85.2,1539.0,37.4,,,,,,184.0,257.0,38.85,1.36
2026-12-03 11:00:00,,,,,,,,,,,,,,,,,,122.0,195.0,33.55,1.19
2026-12-03 12:00:00,12-03-2026,12:00:00,17.3,74.0,993.8,1.5,Drizzle: Light,171.0,74.7,77.5,652.0,24.3,,,,,,121.0,174.0,21.475,0.9825
2026-12-03 13:00:00,12-03-2026,13:00:00,17.8,72.0,992.7,2.3,Overcast,170.0,74.0,76.6,607.0,20.1,,,,,,66.0,107.0,18.5,0.613333333
2026-12-03 14:00:00,12-03-2026,14:00:00,18.1,68.0,991.9,2.0,Overcast,169.0,73.1,75.7,709.0,23.1,,,,,,53.0,95.0,21.525,0.69
2026-12-03 15:00:00,,,,,,,,,,,,,,,,,,53.0,114.0,25.025,0.7675
2026-12-03 16:00:00,12-03-2026,16:00:00,17.9,66.0,992.0,2.8,Mainly clear,167.0,77.8,80.1,1549.0,65.6,,,,,,73.0,139.0,27.15,0.7975
2026-12-03 17:00:00,12-03-2026,17:00:00,16.1,77.0,992.2,4.9,Mainly clear,165.0,101.5,104.1,1857.0,48.6,,,,,,75.0,232.0,40.825,1.0575
2026-12-03 18:00:00,12-03-2026,18:00:00,13.4,91.0,993.1,1.8,Mainly clear,165.0,111.3,113.4,1781.0,48.6,,,,,,92.0,207.0,96.775,3.095
2026-12-03 19:00:00,12-03-2026,19:00:00,12.6,93.0,993.7,3.3,Mainly clear,165.0,113.2,115.3,1519.0,48.4,,,,,,119.0,401.0,78.85,4.68
2026-12-03 20:00:00,,,,,,,,,,,,,,,,,,163.0,410.0,69.75,4.19
2026-12-03 21:00:00,12-03-2026,21:00:00,11.3,96.0,994.9,4.8,Clear sky,165.0,111.1,112.9,1330.0,45.7,,,,,,156.0,326.0,64.625,3.69
2026-12-03 22:00:00,12-03-2026,22:00:00,10.5,97.0,994.8,4.8,Clear sky,165.0,115.3,117.1,1403.0,43.2,,,,,,174.0,353.0,68.925,2.955
2026-12-03 23:00:00,12-03-2026,23:00:00,10.1,96.0,994.3,4.4,Clear sky,166.0,119.7,121.1,1447.0,40.0,,,,,,196.0,290.0,53.875,2.6375
